Series Name,Series Code,Country Name,Country Code,1990 [YR1990],1991 [YR1991],1992 [YR1992],1993 [YR1993],1994 [YR1994],1995 [YR1995],1996 [YR1996],1997 [YR1997],1998 [YR1998],1999 [YR1999],2000 [YR2000],2001 [YR2001],2002 [YR2002],2003 [YR2003],2004 [YR2004],2005 [YR2005],2006 [YR2006],2007 [YR2007],2008 [YR2008],2009 [YR2009],2010 [YR2010],2011 [YR2011]
"Life expectancy at birth, total (years)",SP.DYN.LE00.IN,Afghanistan,AFG,49.8610487804878,50.6409756097561,51.3629268292683,52.0218780487805,52.6143414634146,53.1393902439024,53.6020487804878,54.0178292682927,54.4027317073171,54.7672682926829,55.1258780487805,55.4875365853659,55.8571951219512,56.2352926829268,56.6263170731707,57.027243902439,57.4325609756098,57.8338292682927,58.2250243902439,58.6036829268293,58.9708292682927,59.3279512195122
"Life expectancy at birth, total (years)",SP.DYN.LE00.IN,Albania,ALB,71.9573170731707,71.9184146341463,71.9008048780488,71.9358536585366,72.0419512195122,72.2360243902439,72.5274146341463,72.8980975609756,73.3265853658537,73.7933902439025,74.2715365853659,74.7325609756098,75.1546097560976,75.5232926829268,75.8312195121951,76.0816097560976,76.2861219512195,76.4702926829268,76.6520731707317,76.8403658536586,77.0369512195122,77.2405853658537
"Life expectancy at birth, total (years)",SP.DYN.LE00.IN,Algeria,DZA,66.6945853658537,66.9587317073171,67.2096829268293,67.4754878048781,67.7755365853659,68.1210731707317,68.5092195121951,68.9212195121951,69.3409512195122,69.7629268292683,70.1839024390244,70.601756097561,71.0148536585366,71.421,71.8162682926829,72.1965609756098,72.5577073170732,72.8983658536585,73.2193170731707,73.5210243902439,73.8040487804878,74.07
"Life expectancy at birth, total (years)",SP.DYN.LE00.IN,American Samoa,ASM,..,..,..,..,..,..,..,..,..,..,..,..,..,..,..,..,..,..,..,..,..,..
"Life expectancy at birth, total (years)",SP.DYN.LE00.IN,Andorra,ADO,..,..,..,..,..,..,..,..,..,..,..,..,..,..,..,..,..,..,..,..,..,..
"Life expectancy at birth, total (years)",SP.DYN.LE00.IN,Angola,AGO,41.1383414634146,41.2063414634146,41.3130243902439,41.4781951219512,41.716243902439,42.0514634146341,42.5016341463415,43.0621219512195,43.7142682926829,44.439,45.2047804878049,45.9731463414634,46.7117317073171,47.3931707317073,48.003512195122,48.5388048780488,49.0070487804878,49.4357317073171,49.8473902439024,50.2510243902439,50.6541707317073,51.0593170731707
"Life expectancy at birth, total (years)",SP.DYN.LE00.IN,Antigua and Barbuda,ATG,71.1629512195122,71.4005853658537,71.6347073170732,71.8658536585366,72.093,72.3176829268293,72.5388536585366,72.7575609756098,72.9737804878049,73.1860243902439,73.3972926829268,73.6070975609756,73.8154390243902,74.0217804878049,74.2261463414634,74.4254390243903,74.6181463414634,74.8032195121951,74.9791707317073,75.1470243902439,75.3087804878049,75.4660243902439
"Life expectancy at birth, total (years)",SP.DYN.LE00.IN,Argentina,ARG,71.5436585365854,71.7632926829268,71.9889512195122,72.2156585365854,72.4413902439024,72.6651219512195,72.8873414634146,73.1080487804878,73.3276829268293,73.5442682926829,73.7558048780488,73.9603170731707,74.1557804878049,74.3412682926829,74.5187804878049,74.6878048780488,74.8499024390244,75.0090487804878,75.1662682926829,75.3245609756098,75.4849756097561,75.6490487804878
"Life expectancy at birth, total (years)",SP.DYN.LE00.IN,Armenia,ARM,67.7478048780488,67.7382926829268,67.8533414634147,68.0695609756098,68.3766585365854,68.7635609756098,69.2168536585366,69.7164146341464,70.2402195121951,70.7670975609756,71.2765853658537,71.7558292682927,72.2016097560976,72.6095853658537,72.973756097561,73.2873902439024,73.5482682926829,73.7646585365854,73.945,74.0958292682927,74.2263414634146,74.3428292682927
"Life expectancy at birth, total (years)",SP.DYN.LE00.IN,Aruba,ABW,73.3899756097561,73.4331219512195,73.471756097561,73.5053170731707,73.535756097561,73.5636097560976,73.5894390243902,73.6148048780488,73.6422926829268,73.6753902439025,73.7206097560976,73.7829024390244,73.865243902439,73.9685609756098,74.0908536585366,74.2280731707317,74.3761951219512,74.526756097561,74.6757317073171,74.8181463414634,74.9535365853659,75.0813902439024
"Life expectancy at birth, total (years)",SP.DYN.LE00.IN,Australia,AUS,76.9946341463415,77.2756097560976,77.3780487804878,77.8780487804878,77.8780487804878,77.8292682926829,78.0780487804878,78.4804878048781,78.6317073170732,78.9317073170732,79.2341463414634,79.6341463414634,79.9365853658537,80.2390243902439,80.490243902439,80.8414634146341,81.0414634146342,81.2926829268293,81.3951219512195,81.5439024390244,81.6951219512195,81.8951219512195
"Life expectancy at birth, total (years)",SP.DYN.LE00.IN,Austria,AUT,75.5682926829269,75.6170731707317,75.8170731707317,76.0682926829268,76.419512195122,76.6682926829268,76.8707317073171,77.319512195122,77.6707317073171,77.8756097560976,78.1268292682927,78.5756097560976,78.6780487804878,78.6317073170732,79.1804878048781,79.3317073170732,79.8804878048781,80.1804878048781,80.4317073170732,80.3317073170732,80.5804878048781,80.9829268292683
"Life expectancy at birth, total (years)",SP.DYN.LE00.IN,Azerbaijan,AZE,64.7463658536585,64.4241463414634,64.207243902439,64.1540243902439,64.2815853658537,64.5758292682927,64.994,65.4623902439024,65.9233658536585,66.3554878048781,66.758243902439,67.1502926829268,67.5610731707317,68.0036829268293,68.4701951219512,68.9372682926829,69.375243902439,69.756512195122,70.0639512195122,70.2936829268293,70.4513170731707,70.5518048780488
"Life expectancy at birth, total (years)",SP.DYN.LE00.IN,"Bahamas, The",BHS,70.6306585365854,70.7918048780488,70.9296341463415,71.0481463414634,71.1548048780488,71.2625609756098,71.3904390243902,71.5498780487805,71.7478780487805,71.9843658536585,72.2542926829268,72.5450975609756,72.8412682926829,73.1272926829268,73.3946585365854,73.6388780487805,73.8584634146342,74.0594634146342,74.2474390243902,74.4239024390244,74.5923902439024,74.7544146341464
"Life expectancy at birth, total (years)",SP.DYN.LE00.IN,Bahrain,BHR,72.507243902439,72.709512195122,72.9147317073171,73.1239024390244,73.337512195122,73.5550731707317,73.7750975609756,73.9916097560976,74.2030975609756,74.4060731707317,74.5994878048781,74.7818292682927,74.9540731707317,75.1177073170732,75.2732195121951,75.4221463414634,75.5664634146342,75.707756097561,75.847512195122,75.9877804878049,76.1275609756098,76.2678536585366
"Life expectancy at birth, total (years)",SP.DYN.LE00.IN,Bangladesh,BGD,58.4175609756098,59.0502682926829,59.7178536585366,60.4188048780488,61.1455365853659,61.8873902439024,62.6295609756098,63.3578780487805,64.0591463414634,64.7238292682927,65.3479756097561,65.9301707317073,66.4781707317073,67.0001463414634,67.4971951219512,67.9718536585366,68.4256341463415,68.8599756097561,69.2778536585366,69.6837804878049,70.0802926829268,70.4719512195122
"Life expectancy at birth, total (years)",SP.DYN.LE00.IN,Barbados,BRB,71.1719512195122,71.4033414634146,71.6312195121951,71.8540975609756,72.0724878048781,72.2843902439025,72.4888048780488,72.6842195121951,72.8706585365854,73.0485853658537,73.219512195122,73.3839268292683,73.5463170731707,73.7071707317073,73.8680243902439,74.0303414634146,74.1931219512195,74.3564146341464,74.5191951219512,74.6824878048781,74.8452926829268,75.0081463414634
"Life expectancy at birth, total (years)",SP.DYN.LE00.IN,Belarus,BLR,70.8365853658537,70.3780487804878,70.0219512195122,68.9707317073171,68.7682926829268,68.4609756097561,68.6121951219512,68.4609756097561,68.4073170731707,67.9073170731707,68.9121951219512,68.5073170731707,68.0560975609756,68.5536585365854,68.9560975609756,68.8512195121951,69.4048780487805,70.2034146341464,70.4560975609756,70.4073170731707,70.4048780487805,70.5536585365854
"Life expectancy at birth, total (years)",SP.DYN.LE00.IN,Belgium,BEL,76.0519512195122,76.1921951219512,76.3512195121951,76.3453658536585,76.6917073170732,76.8407317073171,77.1873170731707,77.3707317073171,77.4731707317073,77.619512195122,77.7219512195122,77.9731707317073,78.0756097560976,78.1292682926829,78.8780487804878,78.9804878048781,79.380487804878,79.7829268292683,79.6804878048781,79.9829268292683,80.1829268292683,80.5853658536585
"Life expectancy at birth, total (years)",SP.DYN.LE00.IN,Belize,BLZ,71.2837317073171,71.0544146341463,70.7466097560976,70.3823902439024,69.9862926829268,69.5887804878049,69.2198048780488,68.9018536585366,68.6539024390244,68.489512195122,68.4188780487805,68.4441219512195,68.5443658536585,68.6971219512195,68.8848292682927,69.0863658536585,69.279487804878,69.452,69.5942195121951,69.7030731707317,69.7820487804878,69.8436829268293
"Life expectancy at birth, total (years)",SP.DYN.LE00.IN,Benin,BEN,53.42,53.9357073170732,54.3270243902439,54.5949756097561,54.7500731707317,54.8159512195122,54.8318048780488,54.8423170731707,54.8901463414634,54.9987804878049,55.188243902439,55.4664878048781,55.8143170731707,56.2080731707317,56.6331707317073,57.0659756097561,57.4833902439024,57.8673902439024,58.204512195122,58.4912682926829,58.7297073170732,58.9329024390244
"Life expectancy at birth, total (years)",SP.DYN.LE00.IN,Bermuda,BMU,..,74.029512195122,..,..,..,..,..,..,..,..,77.8853658536585,77.8853658536585,78.0878048780488,78.3341463414634,78.4853658536586,78.6853658536586,78.8878048780488,78.9341463414634,79.2365853658537,79.3884390243903,79.2885365853658,81.1526829268293
"Life expectancy at birth, total (years)",SP.DYN.LE00.IN,Bhutan,BTN,52.4623170731707,53.2519268292683,54.040512195122,54.8260975609756,55.6091707317073,56.3997317073171,57.205756097561,58.035243902439,58.8886829268293,59.7620731707317,60.6503902439025,61.5466341463415,62.4358292682927,63.303,64.1361707317073,64.9184390243903,65.6379024390244,66.2930975609756,66.8850243902439,67.4166585365854,67.8924146341463,68.3231951219512
"Life expectancy at birth, total (years)",SP.DYN.LE00.IN,Bolivia,BOL,55.1072926829268,55.6500243902439,56.198243902439,56.7494390243903,57.3051219512195,57.8632926829268,58.4249512195122,58.9886097560976,59.5542682926829,60.1214146341463,60.6900487804878,61.2591951219512,61.8288292682927,62.3989756097561,62.9686341463415,63.5397804878049,64.1149512195122,64.6941219512195,65.2738048780488,65.848,66.407756097561,66.9425609756098
"Life expectancy at birth, total (years)",SP.DYN.LE00.IN,Bosnia and Herzegovina,BIH,70.7832195121951,70.5728048780488,70.5180487804878,70.6691219512195,71.029512195122,71.5660975609756,72.2088048780488,72.8587317073171,73.4372926829268,73.9096341463415,74.2607317073171,74.5009268292683,74.6755853658537,74.8243658536585,74.9594878048781,75.0935365853659,75.2314390243902,75.3714878048781,75.5119756097561,75.6573658536585,75.8076829268293,75.9629268292683
"Life expectancy at birth, total (years)",SP.DYN.LE00.IN,Botswana,BWA,62.5565853658537,61.924512195122,60.9384878048781,59.6189756097561,58.0273902439024,56.2361219512195,54.3361219512195,52.4746097560976,50.8123414634146,49.4864878048781,48.6936341463415,48.6103170731707,49.2434146341464,50.524512195122,52.3563170731707,54.5522195121951,56.8732682926829,59.0745609756098,60.9585853658537,62.4170975609756,63.4022926829268,63.9516097560976
"Life expectancy at birth, total (years)",SP.DYN.LE00.IN,Brazil,BRA,65.3403170731707,65.7426829268293,66.1718048780488,66.6276829268293,67.1068292682927,67.6031951219512,68.1097317073171,68.6163902439024,69.1130975609756,69.5912926829268,70.0419756097561,70.4596097560976,70.845243902439,71.2018780487805,71.532,71.8396341463415,72.1317317073171,72.4148292682927,72.6954146341463,72.9780243902439,73.2641463414634,73.5523414634146
"Life expectancy at birth, total (years)",SP.DYN.LE00.IN,Brunei Darussalam,BRN,73.0511951219512,73.2950487804878,73.5333902439024,73.767243902439,73.9970975609756,74.2229512195122,74.4443170731708,74.6621707317073,74.8755365853659,75.0854146341464,75.2888048780488,75.483243902439,75.6676829268293,75.8461707317073,76.0241219512195,76.2134634146341,76.4281219512195,76.6755609756098,76.956756097561,77.2682926829268,77.5982682926829,77.9323170731708
"Life expectancy at birth, total (years)",SP.DYN.LE00.IN,Bulgaria,BGR,71.6414634146342,71.5609756097561,71.4943902439024,71.3468292682927,71.2087804878049,71.0534146341464,70.8973170731707,70.3512195121951,71.0609756097561,71.4121951219512,71.6634146341463,71.7682926829268,71.8658536585366,72.0658536585366,72.5634146341463,72.5609756097561,72.6121951219512,72.6634146341463,72.9634146341463,73.4121951219512,73.5121951219512,74.1634146341463
"Life expectancy at birth, total (years)",SP.DYN.LE00.IN,Burkina Faso,BFA,49.3656097560976,49.3164634146342,49.2779512195122,49.2596585365854,49.2777073170732,49.3383658536585,49.443512195122,49.5883414634146,49.7769268292683,50.0207073170732,50.3459268292683,50.7832195121951,51.3401951219512,52.0080731707317,52.7677804878049,53.5813170731707,54.4039024390244,55.1888048780488,55.9022926829268,56.5249756097561,57.0513902439024,57.4920487804878
"Life expectancy at birth, total (years)",SP.DYN.LE00.IN,Burundi,BDI,48.0001219512195,47.7652195121951,47.7017317073171,47.8585853658537,48.2392682926829,48.8007804878049,49.4626097560976,50.1198536585366,50.6920487804878,51.149243902439,51.4854878048781,51.7248292682927,51.9282682926829,52.1453170731707,52.3963902439024,52.6969512195122,53.0538780487805,53.4560731707317,53.8910243902439,54.3512195121951,54.8291951219512,55.3120243902439
"Life expectancy at birth, total (years)",SP.DYN.LE00.IN,Cabo Verde,CPV,65.570512195122,65.963512195122,66.3715365853659,66.7945853658537,67.2321219512195,67.6786585365854,68.1231463414634,68.5555609756098,68.9664146341464,69.3546829268293,69.7243902439024,70.0860243902439,70.4481463414634,70.8132682926829,71.1763902439025,71.5235365853658,71.8356829268293,72.0993658536585,72.3095365853659,72.4712195121951,72.5979024390244,72.7095609756098
"Life expectancy at birth, total (years)",SP.DYN.LE00.IN,Cambodia,KHM,53.5100731707317,53.8363414634146,54.1507804878049,54.441756097561,54.7502195121951,55.1216585365854,55.5860243902439,56.1438536585366,56.7916097560976,57.5288048780488,58.3508780487805,59.2472682926829,60.187,61.1375853658537,62.0736097560976,62.9677073170732,63.7955853658537,64.5523414634146,65.2349756097561,65.8444634146342,66.3856585365854,66.8728780487805
"Life expectancy at birth, total (years)",SP.DYN.LE00.IN,Cameroon,CMR,53.5912682926829,53.6242682926829,53.6019512195122,53.5248292682927,53.3968780487805,53.2186097560976,52.9905365853659,52.7260975609756,52.4467317073171,52.1738536585366,51.9358780487805,51.7571951219512,51.6552682926829,51.6390487804878,51.716487804878,51.8890487804878,52.150243902439,52.4791463414634,52.8558292682927,53.2648536585366,53.6948292682927,54.1373658536585
"Life expectancy at birth, total (years)",SP.DYN.LE00.IN,Canada,CAN,77.3770731707317,77.5534146341464,77.3207317073171,77.6851219512195,77.8619512195122,77.9775609756098,78.2304878048781,78.4804878048781,78.6624390243902,78.8829268292683,79.2365853658537,79.4878048780488,79.590243902439,79.8390243902439,80.1414634146341,80.2926829268293,80.4187804878049,80.6343902439024,80.8253658536586,81.1114634146342,81.4129268292683,81.3492926829268
"Life expectancy at birth, total (years)",SP.DYN.LE00.IN,Cayman Islands,CYM,..,..,..,..,..,..,..,..,..,..,..,..,..,..,..,..,..,..,..,..,..,..
"Life expectancy at birth, total (years)",SP.DYN.LE00.IN,Central African Republic,CAF,49.0175609756098,48.6640731707317,48.2573658536585,47.8099268292683,47.3362195121951,46.846243902439,46.3454878048781,45.8463658536585,45.3702926829268,44.9431463414634,44.5972926829268,44.3620731707317,44.2534146341464,44.2778048780488,44.4396829268293,44.7380975609756,45.1631219512195,45.6873902439024,46.284,46.9349756097561,47.6253170731707,48.3504390243903
"Life expectancy at birth, total (years)",SP.DYN.LE00.IN,Chad,TCD,46.9243658536585,47.0265853658537,47.1218536585366,47.2167804878049,47.3134390243902,47.4049268292683,47.4808292682927,47.5336097560976,47.5632195121951,47.5740731707317,47.5780731707317,47.5871219512195,47.6160975609756,47.6818536585366,47.7958292682927,47.9739024390244,48.2300243902439,48.5592195121951,48.9515853658537,49.3931707317073,49.8620731707317,50.3319512195122
"Life expectancy at birth, total (years)",SP.DYN.LE00.IN,Channel Islands,CHI,75.418243902439,75.6369268292683,75.8496829268293,76.053,76.2473902439024,76.4368536585366,76.6278780487805,76.827,77.0396585365854,77.2683414634146,77.514512195122,77.7781707317073,78.0557804878049,78.3398292682927,78.6253170731707,78.9032195121951,79.1665365853659,79.4108048780488,79.6330243902439,79.8327073170732,80.0103658536585,80.169512195122
"Life expectancy at birth, total (years)",SP.DYN.LE00.IN,Chile,CHL,72.6787804878049,73.1213414634146,73.5584390243903,73.9885609756098,74.4127073170732,74.8303902439024,75.2416097560976,75.6463658536586,76.0446585365854,76.4359756097561,76.8208292682927,77.1987073170732,77.5695853658537,77.9329756097561,78.2893902439025,78.6382926829268,78.9791707317073,79.3135365853659,79.6409024390244,79.9608048780488,80.2758048780488,80.5869756097561
"Life expectancy at birth, total (years)",SP.DYN.LE00.IN,China,CHN,69.030512195122,69.1820975609756,69.3396341463415,69.5092195121951,69.6999268292683,69.9264146341464,70.1998292682927,70.5226829268293,70.8904634146341,71.2971219512195,71.7304634146342,72.1757804878049,72.6148780487805,73.0331219512195,73.4199512195122,73.7669512195122,74.0717073170732,74.3404390243903,74.5832682926829,74.8032682926829,75.0074146341463,75.2021707317073
"Life expectancy at birth, total (years)",SP.DYN.LE00.IN,Colombia,COL,68.2971951219512,68.4513170731707,68.6402195121951,68.8656341463415,69.1295853658537,69.4269268292683,69.7483658536585,70.075,70.3949512195122,70.7005609756098,70.9887073170732,71.2603902439024,71.5217317073171,71.7769024390244,72.0249512195122,72.2639268292683,72.4914390243902,72.705512195122,72.9071707317073,73.0969512195122,73.2778536585366,73.4548048780488
"Life expectancy at birth, total (years)",SP.DYN.LE00.IN,Comoros,COM,56.6536097560976,57.1452195121951,57.5993414634146,58.0134634146342,58.3825853658537,58.6971707317073,58.9471707317073,59.1355853658537,59.2709268292683,59.3656829268293,59.4389024390244,59.5101463414634,59.5989268292683,59.7208048780488,59.888756097561,60.1097804878049,60.3883170731707,60.7123414634146,61.0672926829268,61.4441951219512,61.830512195122,62.212756097561
"Life expectancy at birth, total (years)",SP.DYN.LE00.IN,"Congo, Dem. Rep.",ZAR,48.9929756097561,49.1749268292683,49.2614146341463,49.2534146341464,49.1724146341463,49.0659268292683,48.9969512195122,49.0244634146342,49.1924390243903,49.5174146341463,50.0028780487805,50.6293414634146,51.3468048780488,52.1067804878049,52.8792682926829,53.6382926829268,54.3678292682927,55.0644146341463,55.724,56.3370731707317,56.8961463414634,57.3986341463415
"Life expectancy at birth, total (years)",SP.DYN.LE00.IN,"Congo, Rep.",COG,55.0289756097561,54.5223902439025,53.9591219512195,53.3626585365854,52.7639268292683,52.1888536585366,51.6598292682927,51.2021951219512,50.8473658536585,50.6282682926829,50.5898780487805,50.7731951219512,51.1792926829268,51.7942195121951,52.598,53.5615365853659,54.6478292682927,55.8013170731707,56.9650731707317,58.0936341463415,59.1431219512195,60.0851707317073
"Life expectancy at birth, total (years)",SP.DYN.LE00.IN,Costa Rica,CRI,75.6586829268293,75.8419268292683,76.0202195121951,76.1975365853659,76.3763414634146,76.5586097560976,76.7418048780488,76.9224146341463,77.0969268292683,77.2643658536585,77.4226829268293,77.5708780487805,77.7094634146341,77.8404634146341,77.9653658536586,78.0866585365854,78.2078048780488,78.3303170731707,78.4577317073171,78.5926097560976,78.7360487804878,78.8901707317073
"Life expectancy at birth, total (years)",SP.DYN.LE00.IN,Cote d'Ivoire,CIV,52.6069268292683,52.2327317073171,51.7116097560976,51.067512195122,50.3360975609756,49.5606585365854,48.790243902439,48.0750487804878,47.463512195122,46.9925609756098,46.6993902439024,46.6076097560976,46.6955853658537,46.9329756097561,47.2965365853659,47.7518536585366,48.258756097561,48.7788292682927,49.2797804878049,49.7404878048781,50.1514634146342,50.5172195121951
"Life expectancy at birth, total (years)",SP.DYN.LE00.IN,Croatia,HRV,72.1704878048781,72.1853658536586,71.2414634146342,71.5224390243903,71.8034146341464,72.0843902439024,72.3653658536585,72.4951219512195,72.3170731707317,72.6419512195122,72.8078048780488,74.5129268292683,74.7173170731707,74.6139024390244,75.520243902439,75.2446341463415,75.8368292682927,75.7056097560976,75.9121951219512,76.1682926829268,76.4756097560976,76.7756097560976
"Life expectancy at birth, total (years)",SP.DYN.LE00.IN,Cuba,CUB,74.6438048780488,74.7005609756098,74.8032926829268,74.9589268292683,75.1639756097561,75.409,75.6756341463415,75.9419756097561,76.1930731707317,76.4258780487805,76.6448048780488,76.8652195121951,77.1024634146341,77.3639512195122,77.6446829268293,77.9321463414634,78.2059512195122,78.4491951219512,78.6505121951219,78.8109756097561,78.9356341463415,79.039512195122
"Life expectancy at birth, total (years)",SP.DYN.LE00.IN,Curacao,CUW,..,..,..,..,..,..,..,..,..,..,..,..,..,..,..,..,74.709756097561,75.3634146341464,75.309756097561,76.1560975609756,..,77.4731707317073
"Life expectancy at birth, total (years)",SP.DYN.LE00.IN,Cyprus,CYP,76.5139512195122,76.6713902439025,76.8263170731707,76.9782682926829,77.1277073170732,77.2746585365854,77.4190975609756,77.5610243902439,77.7009268292683,77.8378048780488,77.9716829268293,78.1005609756098,78.2239512195122,78.3458536585366,78.465756097561,78.5896097560976,78.7228780487805,78.868512195122,79.0275365853659,79.199487804878,79.3819512195122,79.571512195122
"Life expectancy at birth, total (years)",SP.DYN.LE00.IN,Czech Republic,CZE,71.3839024390244,71.8982926829268,72.2717073170732,72.7678048780488,72.9726829268293,73.0748780487805,73.7146341463415,73.8248780487805,74.5146341463415,74.6682926829268,74.9682926829268,75.1731707317073,75.2219512195122,75.1707317073171,75.7219512195122,75.9243902439025,76.5243902439024,76.7243902439025,76.9756097560976,77.0780487804878,77.4243902439025,77.8731707317073
"Life expectancy at birth, total (years)",SP.DYN.LE00.IN,Denmark,DNK,74.8053658536585,75.1578048780488,75.1941463414634,75.1168292682927,75.3751219512195,75.2126829268293,75.5914634146342,75.9451219512195,76.1390243902439,76.3414634146341,76.5926829268293,76.7926829268293,76.8951219512195,77.1439024390244,77.4926829268293,77.8439024390244,78.0951219512195,78.1951219512195,78.4463414634146,78.5975609756098,79.1,79.8
"Life expectancy at birth, total (years)",SP.DYN.LE00.IN,Djibouti,DJI,56.6631707317073,56.8161463414634,56.9295853658537,57.0035853658537,57.0436585365854,57.0534146341464,57.0384146341463,57.0111951219512,56.9877317073171,56.9814634146342,57.0103414634146,57.088243902439,57.2205609756098,57.4112195121951,57.6636341463415,57.9842926829268,58.3766829268293,58.8293414634146,59.3238780487805,59.8428048780488,60.3606829268293,60.8505609756098
"Life expectancy at birth, total (years)",SP.DYN.LE00.IN,Dominica,DMA,..,..,73.9512195121951,..,..,..,..,75.9512195121951,..,..,..,..,76.5975609756098,..,..,..,..,..,..,..,..,..
"Life expectancy at birth, total (years)",SP.DYN.LE00.IN,Dominican Republic,DOM,67.9504146341463,68.4222195121951,68.8371219512195,69.1906341463415,69.4832682926829,69.720512195122,69.9163414634147,70.0917317073171,70.2636585365854,70.4421463414634,70.6337317073171,70.8389268292683,71.0518048780488,71.2668292682927,71.4835365853659,71.7003902439024,71.9168292682927,72.1313170731707,72.3423170731707,72.5483170731707,72.7498048780488,72.9452926829268
"Life expectancy at birth, total (years)",SP.DYN.LE00.IN,Ecuador,ECU,68.9953658536586,69.4932682926829,69.9635853658537,70.4088292682927,70.8290487804878,71.2268292682927,71.6047317073171,71.9643170731707,72.3081463414634,72.635243902439,72.9441707317073,73.2304390243903,73.492,73.7278048780488,73.9423170731707,74.1379756097561,74.3202195121951,74.4950243902439,74.6678292682927,74.8446097560976,75.0298048780488,75.2264390243903
"Life expectancy at birth, total (years)",SP.DYN.LE00.IN,"Egypt, Arab Rep.",EGY,64.5490731707317,64.9553414634146,65.3696341463415,65.8099512195122,66.2782926829268,66.7606829268293,67.2320975609756,67.6640731707317,68.0365853658537,68.3451463414634,68.590756097561,68.7864390243902,68.9526585365854,69.1094390243903,69.2657804878049,69.4296829268293,69.6031951219512,69.7822926829268,69.9644634146341,70.1501463414634,70.3402926829268,70.5333170731707
"Life expectancy at birth, total (years)",SP.DYN.LE00.IN,El Salvador,SLV,63.988,64.8315365853659,65.5779756097561,66.2228292682927,66.7630487804878,67.2051951219512,67.5648292682927,67.8736341463415,68.1578048780488,68.4354146341463,68.7170487804878,69.0057073170732,69.2978780487805,69.5895365853658,69.8827317073171,70.1789268292683,70.4791707317073,70.7804634146342,71.0807804878049,71.3781463414634,71.6706097560976,71.9561707317073
"Life expectancy at birth, total (years)",SP.DYN.LE00.IN,Equatorial Guinea,GNQ,48.1895365853659,48.6059512195122,49.0414390243903,49.4835609756098,49.9253658536585,50.3548780487805,50.7616341463415,51.1395853658537,51.4881951219512,51.8089024390244,52.1086341463415,52.3968048780488,52.6863414634146,52.9896829268293,53.3157804878049,53.6745853658537,54.0765853658537,54.5163170731707,54.9863170731707,55.4771951219512,55.971,56.4468292682927
"Life expectancy at birth, total (years)",SP.DYN.LE00.IN,Eritrea,ERI,48.2359512195122,49.018487804878,49.8400487804878,50.6896829268293,51.5513414634146,52.4046097560976,53.2285365853659,54.0096097560976,54.7393414634146,55.4116829268293,56.0250243902439,56.5827804878049,57.1028292682927,57.6026829268293,58.0928292682927,58.5924146341464,59.1165609756098,59.6694146341463,60.2500731707317,60.853512195122,61.4661463414634,62.0693658536585
"Life expectancy at birth, total (years)",SP.DYN.LE00.IN,Estonia,EST,69.4756097560976,69.3731707317073,68.8634146341464,67.909756097561,66.5,67.5439024390244,69.6121951219512,69.809756097561,69.3585365853659,70.0634146341463,70.4170731707317,70.2585365853659,70.9048780487805,71.3170731707317,71.909756097561,72.5682926829268,72.6914634146341,72.8146341463415,73.7707317073171,74.8243902439024,75.4292682926829,76.2292682926829
"Life expectancy at birth, total (years)",SP.DYN.LE00.IN,Ethiopia,ETH,47.0995609756098,47.5053658536585,47.913243902439,48.3477073170732,48.8132926829268,49.305512195122,49.8099512195122,50.3180487804878,50.8302926829268,51.3575853658537,51.9303414634146,52.5869268292683,53.348243902439,54.2192195121951,55.1898292682927,56.2365609756098,57.3249268292683,58.408,59.4469268292683,60.4157804878049,61.2961219512195,62.0830243902439
"Life expectancy at birth, total (years)",SP.DYN.LE00.IN,Faroe Islands,FRO,76.1146341463415,76.3634146341464,76.6146341463415,76.9146341463415,77.1658536585366,77.3658536585366,77.6170731707317,77.8219512195122,78.0268292682927,78.2317073170732,78.4365853658537,78.6414634146341,78.8439024390244,78.9439024390244,79.1414634146342,79.290243902439,79.5878048780488,79.8365853658537,80.1365853658537,80.3878048780488,80.6390243902439,80.9390243902439
"Life expectancy at birth, total (years)",SP.DYN.LE00.IN,Fiji,FJI,65.5708536585366,65.7933170731707,66.011243902439,66.2241463414634,66.4335365853659,66.6389024390244,66.840243902439,67.0375609756098,67.2308536585366,67.4201219512195,67.6058536585366,67.788,67.9670975609756,68.1431463414634,68.3176829268293,68.4917804878049,68.666512195122,68.8434146341464,69.0220243902439,69.2028536585366,69.3843658536586,69.565
"Life expectancy at birth, total (years)",SP.DYN.LE00.IN,Finland,FIN,74.8131707317073,75.2275609756098,75.4553658536585,75.7051219512195,76.3956097560976,76.409512195122,76.6934146341464,76.8785365853659,77.0907317073171,77.2912195121951,77.4658536585366,77.9658536585366,78.119512195122,78.3682926829268,78.7146341463415,78.8170731707317,79.2146341463415,79.2634146341464,79.5682926829268,79.719512195122,79.8707317073171,80.4707317073171
"Life expectancy at birth, total (years)",SP.DYN.LE00.IN,France,FRA,76.6,76.8487804878049,77.1,77.3,77.6487804878049,77.7512195121951,77.9536585365854,78.3048780487805,78.6048780487805,78.7560975609756,79.0560975609756,79.1585365853659,79.2609756097561,79.1146341463415,80.1634146341463,80.1634146341463,80.8121951219512,81.1121951219512,81.2146341463415,81.4146341463415,81.6634146341463,82.1146341463415
"Life expectancy at birth, total (years)",SP.DYN.LE00.IN,French Polynesia,PYF,68.8286097560976,69.1207804878049,69.4403414634146,69.7845609756098,70.1549268292683,70.5442195121951,70.9433658536585,71.3390487804878,71.7238048780488,72.0933902439024,72.45,72.8006829268293,73.1526341463415,73.5105609756098,73.8703170731707,74.2266829268293,74.5699512195122,74.8919756097561,75.1866585365854,75.4534634146341,75.6953902439025,75.9170243902439
"Life expectancy at birth, total (years)",SP.DYN.LE00.IN,Gabon,GAB,61.2401463414634,61.2916829268293,61.254512195122,61.1566829268293,61.0141951219512,60.8291463414634,60.5920975609756,60.3030243902439,59.9768048780488,59.6413170731707,59.3394878048781,59.1167073170732,59.0028048780488,59.0190731707317,59.1737804878049,59.4680487804878,59.8870731707317,60.3927804878049,60.9491951219512,61.5314634146342,62.1208292682927,62.7050975609756
"Life expectancy at birth, total (years)",SP.DYN.LE00.IN,"Gambia, The",GMB,52.214,52.4739756097561,52.7114390243902,52.9488536585366,53.2027804878049,53.4908048780488,53.8280243902439,54.2104878048781,54.6337073170732,55.0916097560976,55.5760731707317,56.0734146341463,56.567512195122,57.042243902439,57.4870975609756,57.8920975609756,58.2508292682927,58.5694390243902,58.8530731707317,59.1077804878049,59.3406097560976,59.5605853658537
"Life expectancy at birth, total (years)",SP.DYN.LE00.IN,Georgia,GEO,69.9996097560976,69.9608292682927,69.9477317073171,69.9823414634146,70.0756829268293,70.2327317073171,70.4519512195122,70.7147317073171,71.003512195122,71.3072195121951,71.6158292682927,71.9182682926829,72.2110731707317,72.490243902439,72.7502926829268,72.990243902439,73.2121463414634,73.4210243902439,73.6214390243902,73.8154146341463,74.0024390243902,74.1820487804878
"Life expectancy at birth, total (years)",SP.DYN.LE00.IN,Germany,DEU,75.1773658536586,75.319512195122,75.819512195122,75.8707317073171,76.2707317073171,76.4219512195122,76.6731707317073,77.0731707317073,77.4756097560976,77.7268292682927,77.9268292682927,78.3292682926829,78.2292682926829,78.3804878048781,78.6804878048781,78.9317073170732,79.1317073170732,79.5341463414634,79.7365853658537,79.8365853658537,79.9878048780488,80.7414634146342
"Life expectancy at birth, total (years)",SP.DYN.LE00.IN,Ghana,GHA,56.7516341463415,57.1572682926829,57.4367804878049,57.5798048780488,57.5948292682927,57.5027073170732,57.3407804878049,57.164243902439,57.0239268292683,56.9537073170732,56.9870975609756,57.1476097560976,57.4204390243902,57.7851707317073,58.2223658536585,58.7010487804878,59.1842195121951,59.6358536585366,60.0304146341463,60.3554634146342,60.6099756097561,60.808
"Life expectancy at birth, total (years)",SP.DYN.LE00.IN,Greece,GRC,76.9390243902439,77.1365853658537,77.3829268292683,77.390243902439,77.6390243902439,77.5853658536585,77.6853658536585,78.1365853658537,77.8390243902439,77.9878048780488,77.8878048780488,78.3878048780488,78.6414634146341,78.8414634146341,79.0390243902439,79.2390243902439,79.4390243902439,79.4390243902439,79.9390243902439,80.1878048780488,80.3878048780488,80.7317073170732
"Life expectancy at birth, total (years)",SP.DYN.LE00.IN,Greenland,GRL,65.0682926829268,65.0317073170732,65.1960975609756,65.5853658536585,65.9009756097561,65.6441463414634,65.7673170731707,65.7980487804878,66.1570731707317,66.4034146341464,66.9634146341463,67.6078048780488,68.1626829268293,68.4353658536586,68.8068292682927,69.2207317073171,69.5192682926829,69.9826829268293,70.2134146341463,70.4678048780488,70.8570731707317,71.0624390243902
"Life expectancy at birth, total (years)",SP.DYN.LE00.IN,Grenada,GRD,68.4750243902439,68.6538048780488,68.8256097560976,68.9913902439024,69.1541951219512,69.317512195122,69.4863170731707,69.6616341463415,69.8474634146341,70.0442926829268,70.2516097560976,70.4679268292683,70.6907317073171,70.9160243902439,71.1428048780488,71.3720975609756,71.6059024390244,71.844756097561,72.0871463414634,72.3300731707317,72.567512195122,72.7934146341464
"Life expectancy at birth, total (years)",SP.DYN.LE00.IN,Guam,GUM,72.0440975609756,72.2876097560976,72.5400731707317,72.8045365853659,73.0839512195122,73.3813170731707,73.6991707317073,74.034,74.3822926829268,74.738487804878,75.0980243902439,75.452756097561,75.7986585365854,76.1312682926829,76.4476829268293,76.7475365853659,77.0325609756098,77.3074146341463,77.5757317073171,77.8395609756098,78.1008780487805,78.3595853658537
"Life expectancy at birth, total (years)",SP.DYN.LE00.IN,Guatemala,GTM,62.2384146341464,62.7731219512195,63.311756097561,63.8563902439024,64.4065853658537,64.9629756097561,65.5272195121951,66.0959024390244,66.6615609756098,67.2151951219512,67.7427073170732,68.2274878048781,68.6613658536585,69.0411951219512,69.3669024390244,69.6459756097561,69.8879024390244,70.1107804878049,70.3281463414634,70.5475365853659,70.7754634146341,71.0104146341463
"Life expectancy at birth, total (years)",SP.DYN.LE00.IN,Guinea,GIN,49.9188536585366,50.5273414634146,51.0040975609756,51.3555365853659,51.5875853658537,51.6996829268293,51.6978048780488,51.6093414634146,51.4751707317073,51.3356341463415,51.2429024390244,51.2461951219512,51.3724146341463,51.6351463414634,52.0410731707317,52.5866097560976,53.254756097561,53.9994878048781,54.7775853658537,55.5561463414634,56.3050487804878,57.0005365853659
"Life expectancy at birth, total (years)",SP.DYN.LE00.IN,Guinea-Bissau,GNB,49.0763170731707,49.4235365853659,49.7517317073171,50.0540487804878,50.3270243902439,50.5678536585366,50.777243902439,50.9620975609756,51.1306341463415,51.2904634146342,51.4454390243902,51.6018536585366,51.7637073170732,51.9367804878049,52.1260487804878,52.3392926829268,52.5825365853659,52.8554634146342,53.1547317073171,53.4766341463415,53.8143658536585,54.1594146341464
"Life expectancy at birth, total (years)",SP.DYN.LE00.IN,Guyana,GUY,63.5231707317073,63.648512195122,63.783243902439,63.925243902439,64.0733902439025,64.2256585365854,64.3794634146342,64.5328048780488,64.6846341463415,64.8319268292683,64.9731463414634,65.107756097561,65.2352926829268,65.357756097561,65.4736585365854,65.582512195122,65.6848780487805,65.779756097561,65.8701463414634,65.957,66.0427073170732,66.1291463414634
"Life expectancy at birth, total (years)",SP.DYN.LE00.IN,Haiti,HTI,54.5693170731707,54.9144146341464,55.2559512195122,55.5984634146342,55.940512195122,56.2756585365854,56.5949512195122,56.8929024390244,57.1690243902439,57.4262682926829,57.6760487804878,57.9297804878049,58.1993658536585,58.495243902439,58.8209268292683,59.1784634146342,59.5674146341464,59.9773902439024,60.3979756097561,60.8222195121951,61.2401219512195,61.6451951219512
"Life expectancy at birth, total (years)",SP.DYN.LE00.IN,Honduras,HND,66.6890487804878,67.1436341463415,67.5791951219512,68.008756097561,68.4368048780488,68.8583902439024,69.261512195122,69.6307073170732,69.9589756097561,70.2458048780488,70.4941951219512,70.7121219512195,70.9110487804878,71.1029512195122,71.2928292682927,71.4821707317073,71.6724634146342,71.8587317073171,72.0399756097561,72.2172195121951,72.3939756097561,72.5727317073171
"Life expectancy at birth, total (years)",SP.DYN.LE00.IN,"Hong Kong SAR, China",HKG,77.3804878048781,77.8829268292683,77.6780487804878,78.0317073170732,78.5292682926829,78.6829268292683,79.6268292682927,80.1268292682927,80.1317073170732,80.3829268292683,80.8780487804878,81.4243902439025,81.4780487804878,81.3292682926829,81.7804878048781,81.5804878048781,82.3756097560976,82.3268292682927,82.3756097560976,82.7756097560976,82.9780487804878,83.4219512195122
"Life expectancy at birth, total (years)",SP.DYN.LE00.IN,Hungary,HUN,69.3156097560976,69.3770731707317,69.1170731707317,69.1012195121951,69.469756097561,69.7917073170732,70.3287804878049,70.7024390243902,70.5578048780488,70.6770731707317,71.2463414634146,72.2487804878049,72.3487804878049,72.3,72.6487804878049,72.6487804878049,73.0975609756098,73.1512195121951,73.7024390243903,73.9048780487805,74.2073170731707,74.8585365853659
"Life expectancy at birth, total (years)",SP.DYN.LE00.IN,Iceland,ISL,78.0363414634146,77.9919512195122,78.760243902439,78.9346341463415,79.2470731707317,77.9843902439024,78.7778048780488,78.8853658536585,79.6024390243903,79.3512195121951,79.6536585365854,80.690243902439,80.5024390243903,80.9634146341464,80.9975609756098,81.5024390243902,81.1585365853659,81.4536585365854,81.609756097561,81.7512195121951,81.8975609756098,82.3585365853659
"Life expectancy at birth, total (years)",SP.DYN.LE00.IN,India,IND,57.9437317073171,58.4382195121951,58.9450731707317,59.4529268292683,59.9548292682927,60.4443658536585,60.9156097560976,61.3695609756098,61.8072195121951,62.2270731707317,62.6306341463415,63.0198536585366,63.3991951219512,63.7745365853659,64.1478048780488,64.5238780487805,64.9080975609756,65.3004390243903,65.6994390243903,66.1026341463415,66.5061463414634,66.9041707317073
"Life expectancy at birth, total (years)",SP.DYN.LE00.IN,Indonesia,IDN,63.2599024390244,63.6162926829268,63.9742682926829,64.3282926829268,64.6738536585366,65.0018780487805,65.3058292682927,65.5821707317073,65.8293902439024,66.0494634146341,66.2468780487805,66.4301219512195,66.608243902439,66.7888048780488,66.9748780487805,67.1685609756098,67.3674878048781,67.5677317073171,67.7647804878049,67.9576341463415,68.1471951219512,68.3343902439024
"Life expectancy at birth, total (years)",SP.DYN.LE00.IN,"Iran, Islamic Rep.",IRN,63.8828780487805,65.1453414634147,66.203512195122,67.0782195121951,67.7713902439024,68.3059268292683,68.7221463414634,69.0763170731707,69.4155609756098,69.7659512195122,70.1371951219512,70.5216585365854,70.8984390243903,71.2538536585366,71.5936341463415,71.9317073170732,72.2881219512195,72.6741951219512,73.0920731707317,73.5341707317073,73.9831707317073,74.4125853658537
"Life expectancy at birth, total (years)",SP.DYN.LE00.IN,Iraq,IRQ,66.2403414634147,66.8147073170732,67.3049024390244,67.748756097561,68.1476341463415,68.4969512195122,68.7834634146342,68.9970487804878,69.1324146341463,69.1933658536585,69.1788048780488,69.09,68.9420243902439,68.7573170731707,68.5601219512195,68.3816829268293,68.256512195122,68.1990243902439,68.2202926829268,68.3199268292683,68.4901219512195,68.7097073170732
"Life expectancy at birth, total (years)",SP.DYN.LE00.IN,Ireland,IRL,74.7413170731707,74.9505365853659,75.136243902439,75.2964390243903,75.4376341463415,75.5713414634146,75.8317073170732,75.9853658536586,76.1804878048781,76.0829268292683,76.5365853658537,77.1341463414634,77.6341463414634,78.1390243902439,78.5390243902439,78.9439024390244,79.2414634146342,79.6414634146341,80.0951219512195,80.190243902439,80.7439024390244,80.7463414634146
"Life expectancy at birth, total (years)",SP.DYN.LE00.IN,Isle of Man,IMY,..,..,..,..,76.5292682926829,..,..,..,..,..,..,..,77.9658536585366,..,..,..,..,..,..,..,..,..
"Life expectancy at birth, total (years)",SP.DYN.LE00.IN,Israel,ISR,76.6073170731707,76.7585365853659,76.5048780487805,77.1536585365854,77.4024390243903,77.4512195121951,78.1048780487805,78,78.1487804878049,78.6585365853659,78.9536585365854,79.4073170731707,79.4512195121951,79.6487804878049,80.1463414634146,80.1512195121951,80.5536585365854,80.5048780487805,80.9512195121951,81.4048780487805,81.6024390243903,81.6560975609756
"Life expectancy at birth, total (years)",SP.DYN.LE00.IN,Italy,ITA,76.9707317073171,77.0195121951219,77.419512195122,77.7219512195122,77.9219512195122,78.1707317073171,78.5219512195122,78.8243902439024,78.9756097560976,79.4243902439024,79.7780487804878,80.1268292682927,80.2292682926829,79.9829268292683,80.7804878048781,80.7829268292683,81.2829268292683,81.4341463414634,81.4853658536586,81.6365853658537,82.0365853658537,82.1878048780488
"Life expectancy at birth, total (years)",SP.DYN.LE00.IN,Jamaica,JAM,72.0159756097561,71.9875365853659,71.9627317073171,71.9436585365854,71.9353658536585,71.9423902439024,71.9681951219512,72.0157073170732,72.0868536585366,72.1846585365854,72.3131707317073,72.4769512195122,72.6750243902439,72.9029268292683,73.1556097560976,73.4280243902439,73.7156097560976,74.0092926829268,74.3019512195122,74.5840487804878,74.8474878048781,75.086243902439
"Life expectancy at birth, total (years)",SP.DYN.LE00.IN,Japan,JPN,78.8368292682927,79.1007317073171,79.1539024390244,79.2936585365854,79.6870731707317,79.5363414634147,80.200243902439,80.4241463414634,80.5014634146342,80.5707317073171,81.0760975609756,81.4170731707317,81.5634146341463,81.76,82.030243902439,81.9251219512195,82.3219512195122,82.5070731707317,82.5875609756098,82.9314634146342,82.8426829268293,82.5912195121951
"Life expectancy at birth, total (years)",SP.DYN.LE00.IN,Jordan,JOR,69.9208536585366,70.1573170731707,70.3722682926829,70.568756097561,70.751243902439,70.9257317073171,71.0956829268293,71.2635609756098,71.4328780487805,71.6050975609756,71.779756097561,71.9563658536586,72.1324878048781,72.3046097560976,72.473756097561,72.6389024390244,72.8010487804878,72.9611707317073,73.120243902439,73.2782926829268,73.4358292682927,73.5918536585366
"Life expectancy at birth, total (years)",SP.DYN.LE00.IN,Kazakhstan,KAZ,68.3365853658537,67.9829268292683,67.7317073170732,66.7268292682927,65.6731707317073,64.919512195122,64.109756097561,64.4634146341463,64.5609756097561,65.519512195122,65.5170731707317,65.7682926829268,65.9682926829268,65.8658536585366,65.8878048780488,65.909756097561,66.1609756097561,66.5048780487805,67.0219512195122,68.4292682926829,68.2953658536585,68.98
"Life expectancy at birth, total (years)",SP.DYN.LE00.IN,Kenya,KEN,58.8020487804878,58.2289756097561,57.4735365853659,56.5591951219512,55.5339512195122,54.4577317073171,53.4,52.4375365853659,51.6425853658537,51.0713902439024,50.7851707317073,50.8241463414634,51.1596585365854,51.7487073170732,52.552243902439,53.5198292682927,54.5910975609756,55.6992926829268,56.7846829268293,57.8004390243903,58.7186097560976,59.5342195121951
"Life expectancy at birth, total (years)",SP.DYN.LE00.IN,Kiribati,KIR,60.3508292682927,60.8345853658537,61.2997317073171,61.7372926829268,62.1397804878049,62.5056585365854,62.8373170731707,63.1446097560976,63.4329024390244,63.7026097560976,63.9506829268293,64.1720975609756,64.3644146341463,64.5271463414634,64.6652926829268,64.7823658536585,64.8853414634146,64.980756097561,65.0786097560976,65.1834390243903,65.3027804878049,65.4406341463415
"Life expectancy at birth, total (years)",SP.DYN.LE00.IN,"Korea, Dem. People’s Rep.",PRK,69.3443170731707,69.3253170731707,68.9517073170732,68.2302682926829,67.2282195121951,66.1172926829268,65.1241951219512,64.4419512195122,64.191512195122,64.3952682926829,64.9825609756098,65.8036585365854,66.6482926829269,67.3547317073171,67.8598292682927,68.157,68.292756097561,68.3761951219512,68.4919512195122,68.6640487804878,68.9000243902439,69.1879024390244
"Life expectancy at birth, total (years)",SP.DYN.LE00.IN,"Korea, Rep.",KOR,71.299756097561,71.730243902439,72.2004878048781,72.6819512195122,73.0431707317073,73.3943902439024,73.8312195121951,74.2478048780488,74.680243902439,75.3734146341463,75.8353658536585,76.3419512195122,76.8390243902439,77.250243902439,77.8465853658537,78.4326829268293,78.9692682926829,79.3495121951219,79.8326829268293,80.2973170731707,80.5512195121951,80.9670731707317
"Life expectancy at birth, total (years)",SP.DYN.LE00.IN,Kosovo,KSV,67.7487804878049,67.9487804878049,68.1,68.2487804878049,68.4,68.5512195121951,68.7,68.8512195121951,68.9512195121951,66.9512195121951,67.9512195121951,67.9975609756098,67.9439024390244,68.1951219512195,68.4463414634146,68.6951219512195,68.9463414634146,69.1975609756098,69.3975609756098,69.6487804878049,69.9,70.1487804878049
"Life expectancy at birth, total (years)",SP.DYN.LE00.IN,Kuwait,KWT,72.2815609756098,72.4267804878049,72.5569512195122,72.6755365853659,72.7855853658537,72.8880975609756,72.9850731707317,73.0750243902439,73.1589512195122,73.2388536585366,73.313756097561,73.3856829268293,73.4531219512195,73.5180731707317,73.583,73.6514146341463,73.7262682926829,73.81,73.9031463414634,74.0061951219512,74.1166341463415,74.233512195122
"Life expectancy at birth, total (years)",SP.DYN.LE00.IN,Kyrgyz Republic,KGZ,68.2975609756098,68.5512195121951,68.1024390243903,67.1926829268293,66.0390243902439,65.790243902439,66.5439024390244,66.8926829268293,67.0512195121951,68.6560975609756,68.5585365853659,68.7073170731707,68.1560975609756,68.2560975609756,68.1536585365854,67.9560975609756,67.6951219512195,67.8951219512195,68.4512195121951,69.1024390243903,69.3,69.6024390243903
"Life expectancy at birth, total (years)",SP.DYN.LE00.IN,Lao PDR,LAO,53.5520731707317,54.0527073170732,54.5564390243903,55.0678292682927,55.5874634146342,56.1172926829268,56.6568292682927,57.2034390243903,57.7575609756098,58.3161707317073,58.879243902439,59.4482926829268,60.0218292682927,60.5963902439024,61.1694390243903,61.734512195122,62.2886341463415,62.8272682926829,63.3489024390244,63.8510487804878,64.3336341463415,64.7981219512195
"Life expectancy at birth, total (years)",SP.DYN.LE00.IN,Latvia,LVA,69.2731707317073,69.0324390243903,68.3960975609756,66.7226829268293,65.6643902439025,66.3912195121951,68.7765853658537,69.3492682926829,69.0121951219512,69.7429268292683,70.3146341463415,70.7609756097561,70.9609756097561,71.2658536585366,72.0268292682927,71.3560975609756,70.8658536585366,71.019512195122,72.419512195122,73.0804878048781,73.4829268292683,73.5756097560976
"Life expectancy at birth, total (years)",SP.DYN.LE00.IN,Lebanon,LBN,70.2211463414634,70.5360487804878,70.8767804878049,71.2462195121951,71.6438780487805,72.0681951219512,72.5171707317073,72.9838780487805,73.4614146341464,73.9448292682927,74.4317073170732,74.9221463414634,75.4146585365854,75.9033170731707,76.3801219512195,76.8325853658537,77.2467073170732,77.6159024390244,77.9391707317073,78.2194878048781,78.4653658536586,78.6898536585366
"Life expectancy at birth, total (years)",SP.DYN.LE00.IN,Lesotho,LSO,59.3310975609756,59.6363902439024,59.5776585365854,59.0950975609756,58.1802926829268,56.8378780487805,55.1069268292683,53.126756097561,51.0550731707317,49.0226097560976,47.1829756097561,45.6716829268293,44.5434878048781,43.824756097561,43.5334634146341,43.6577317073171,44.1483414634146,44.8822195121951,45.739243902439,46.6345853658537,47.4834146341463,48.219756097561
"Life expectancy at birth, total (years)",SP.DYN.LE00.IN,Liberia,LBR,47.2024390243903,47.4227317073171,47.8514878048781,48.4836585365854,49.2869512195122,50.1628292682927,50.979512195122,51.6333170731707,52.070756097561,52.3011707317073,52.4091219512195,52.5334634146342,52.8108048780488,53.3286585365854,54.096243902439,55.0661707317073,56.1418780487805,57.1911951219512,58.1124634146341,58.8656585365854,59.4412926829268,59.8643414634146
"Life expectancy at birth, total (years)",SP.DYN.LE00.IN,Libya,LBY,68.6299024390244,68.9687317073171,69.2750731707317,69.5409024390244,69.7656829268293,69.9509024390244,70.1010243902439,70.227512195122,70.3418048780488,70.4518536585366,70.5725365853659,70.7167804878049,70.8855365853659,71.0743414634146,71.2768048780488,71.471,71.6310487804878,71.7386341463415,71.7873902439025,71.7809512195122,71.7373902439024,71.6832682926829
"Life expectancy at birth, total (years)",SP.DYN.LE00.IN,Liechtenstein,LIE,..,..,..,..,78.4219512195122,77.390243902439,76.8365853658537,76.0463414634146,77.7463414634146,79.109756097561,76.8268292682927,79.2756097560976,79.6365853658537,79.9609756097561,81.7707317073171,80.6682926829268,80.9487804878049,81.2951219512195,82.6829268292683,81.5,81.8414634146342,81.7926829268293
"Life expectancy at birth, total (years)",SP.DYN.LE00.IN,Lithuania,LTU,71.1607317073171,70.3641463414634,70.2343902439025,68.9104878048781,68.530243902439,69.0063414634147,70.1080487804878,70.9090243902439,71.219512195122,71.5707317073171,72.0195121951219,71.6585365853659,71.7609756097561,72.0609756097561,71.9609756097561,71.2536585365854,71.0560975609756,70.9,71.8121951219512,72.9146341463415,73.2682926829268,73.5634146341464
"Life expectancy at birth, total (years)",SP.DYN.LE00.IN,Luxembourg,LUX,75.0104146341463,75.4634146341463,75.7707317073171,75.7121951219512,76.3707317073171,76.5121951219512,76.519512195122,76.880487804878,77.0170731707317,77.7707317073171,77.8731707317073,77.8243902439025,77.9658536585366,77.7268292682927,79.1219512195122,79.4317073170732,79.2878048780488,79.3829268292683,80.5390243902439,80.6365853658537,80.6317073170732,80.9878048780488
"Life expectancy at birth, total (years)",SP.DYN.LE00.IN,"Macao SAR, China",MAC,75.2769756097561,75.5307804878049,75.7796097560976,76.0244146341464,76.265243902439,76.5020731707317,76.7344146341463,76.962756097561,77.1866097560976,77.4069756097561,77.6228292682927,77.8346585365854,78.0419756097561,78.2462926829268,78.4481219512195,78.6490243902439,78.8515609756098,79.056243902439,79.2646097560976,79.4761707317073,79.6903902439024,79.906243902439
"Life expectancy at birth, total (years)",SP.DYN.LE00.IN,"Macedonia, FYR",MKD,71.1476341463415,71.3256585365854,71.4947317073171,71.6709268292683,71.8603170731707,72.0668048780488,72.2922926829268,72.5291463414634,72.7703414634146,73.0104634146341,73.2421951219512,73.455756097561,73.6473414634146,73.815512195122,73.960756097561,74.0889024390244,74.2067317073171,74.3229512195122,74.4463902439024,74.5789512195122,74.7226341463415,74.874512195122
"Life expectancy at birth, total (years)",SP.DYN.LE00.IN,Madagascar,MDG,51.0080975609756,51.598243902439,52.2801219512195,53.0228048780488,53.8072926829268,54.6140487804878,55.427,56.233512195122,57.0204390243902,57.7717317073171,58.4728048780488,59.1136097560976,59.6991707317073,60.235512195122,60.7287073170732,61.1872926829268,61.6243658536585,62.053,62.482756097561,62.9181707317073,63.3617317073171,63.8074146341464
"Life expectancy at birth, total (years)",SP.DYN.LE00.IN,Malawi,MWI,43.7660243902439,43.5828536585366,43.4606585365854,43.4032926829268,43.4161463414634,43.4787073170732,43.5589512195122,43.6428048780488,43.7340975609756,43.8616097560976,44.0799268292683,44.4586585365854,45.0491219512195,45.8803170731707,46.9573414634146,48.2759268292683,49.8169756097561,51.5124878048781,53.2873658536585,55.0823658536585,56.836243902439,58.5001219512195
"Life expectancy at birth, total (years)",SP.DYN.LE00.IN,Malaysia,MYS,70.7574878048781,70.9888780487805,71.2142926829268,71.4352195121951,71.6506585365854,71.8631219512195,72.0726097560976,72.2791219512195,72.4816585365854,72.6792195121951,72.8677804878049,73.0433170731707,73.2038292682927,73.3492926829268,73.4812195121951,73.6006097560976,73.7114390243903,73.8182682926829,73.9260731707317,74.0384146341463,74.1577804878049,74.286756097561
"Life expectancy at birth, total (years)",SP.DYN.LE00.IN,Maldives,MDV,61.418512195122,62.2582195121951,63.0932926829268,63.9194634146342,64.737756097561,65.5604878048781,66.4037073170732,67.2780487804878,68.1838292682927,69.1146097560976,70.0597073170732,71.0055853658536,71.9291951219512,72.8073414634146,73.6175853658537,74.3323414634147,74.9268536585366,75.3997073170732,75.7595365853659,76.0186585365854,76.2004878048781,76.3375121951219
"Life expectancy at birth, total (years)",SP.DYN.LE00.IN,Mali,MLI,46.4647073170732,46.836512195122,47.1234634146342,47.3422926829268,47.5116097560976,47.6549756097561,47.7974634146342,47.9664634146342,48.1894878048781,48.489,48.8964390243903,49.435243902439,50.0963658536585,50.8598048780488,51.7010731707317,52.5797073170732,53.4468048780488,54.2619268292683,54.9951463414634,55.6334390243902,56.1798048780488,56.6546829268293
"Life expectancy at birth, total (years)",SP.DYN.LE00.IN,Malta,MLT,75.1757804878049,75.3901951219512,75.8334146341463,76.6024390243903,76.9,77.1414634146341,77.1414634146341,77.590243902439,77.3878048780488,77.3,78.2,78.8439024390244,78.7390243902439,78.5463414634146,79.2536585365854,79.3,79.4390243902439,79.7926829268293,79.6365853658537,80.2414634146342,81.3975609756098,80.7463414634146
"Life expectancy at birth, total (years)",SP.DYN.LE00.IN,Marshall Islands,MHL,..,..,..,..,..,..,..,..,..,67.5048780487805,65.2390243902439,..,..,..,..,..,..,..,..,..,..,..
"Life expectancy at birth, total (years)",SP.DYN.LE00.IN,Mauritania,MRT,58.3588048780488,58.576756097561,58.7860487804878,58.989243902439,59.1883902439024,59.3794878048781,59.5530975609756,59.7022682926829,59.825512195122,59.9278780487805,60.0173902439024,60.1050731707317,60.2044390243902,60.3254390243902,60.4750975609756,60.6603658536585,60.883756097561,61.1397317073171,61.4177317073171,61.7107317073171,62.0061707317073,62.2924878048781
"Life expectancy at birth, total (years)",SP.DYN.LE00.IN,Mauritius,MUS,69.4048780487805,69.9560975609756,70.0585365853659,70.1073170731707,70.1585365853659,70.3258536585366,70.3229268292683,70.4048780487805,70.6073170731707,70.9609756097561,71.6634146341463,71.7658536585366,71.9658536585366,72.1213008130081,72.2767479674797,72.4321951219512,72.4321951219512,72.5707317073171,72.5707317073171,72.8824390243903,72.9673170731707,73.2668292682927
"Life expectancy at birth, total (years)",SP.DYN.LE00.IN,Mexico,MEX,70.7957317073171,71.1909756097561,71.5858292682927,71.9778292682927,72.3638536585366,72.7397804878049,73.0989024390244,73.4371463414634,73.7514146341464,74.039243902439,74.2997317073171,74.5334878048781,74.7447073170732,74.937512195122,75.1154878048781,75.2820975609756,75.4387804878049,75.5879268292683,75.7324634146342,75.8774146341463,76.0267804878049,76.1856585365854
"Life expectancy at birth, total (years)",SP.DYN.LE00.IN,"Micronesia, Fed. Sts.",FSM,66.1975853658537,66.3101219512195,66.4226585365854,66.5357073170732,66.648243902439,66.759756097561,66.8677073170732,66.9716097560976,67.0729024390244,67.1726341463415,67.275243902439,67.3842682926829,67.5037317073171,67.6351463414634,67.7760243902439,67.9243658536586,68.0741951219512,68.2204878048781,68.3592682926829,68.4895365853659,68.6122682926829,68.731
"Life expectancy at birth, total (years)",SP.DYN.LE00.IN,Moldova,MDA,67.4656585365854,67.3923170731707,67.2454146341463,67.0670487804878,66.8833414634146,66.7278292682927,66.6290975609756,66.5950975609756,66.6303170731707,66.7347804878049,66.8900243902439,67.0660731707317,67.2363902439024,67.3873902439025,67.524512195122,67.6780731707317,67.8959024390244,68.2099024390244,68.6300243902439,69.1432926829268,69.7092682926829,70.2710975609756
"Life expectancy at birth, total (years)",SP.DYN.LE00.IN,Monaco,MCO,..,..,..,..,..,..,..,..,..,..,..,..,..,..,..,..,..,..,..,..,..,..
"Life expectancy at birth, total (years)",SP.DYN.LE00.IN,Mongolia,MNG,60.267756097561,60.488243902439,60.6723658536585,60.8431951219512,61.0155853658537,61.2105853658537,61.4480487804878,61.7364634146342,62.0795365853659,62.475756097561,62.9138780487805,63.3763658536585,63.8418292682927,64.2962682926829,64.7349512195122,65.1669268292683,65.6060975609756,66.0681707317073,66.5599268292683,67.0768048780488,67.6038292682927,68.1225365853659
"Life expectancy at birth, total (years)",SP.DYN.LE00.IN,Montenegro,MNE,74.4433658536585,74.5104146341464,74.5006585365854,74.4086097560976,74.2422195121951,74.0222195121951,73.7787804878049,73.5490487804878,73.3638536585366,73.2386341463415,73.1820487804878,73.1879268292683,73.2390487804878,73.3211707317073,73.4337804878049,73.5842926829268,73.785512195122,74.0406341463415,74.3454390243903,74.6878292682927,75.0452926829268,75.3913170731707
"Life expectancy at birth, total (years)",SP.DYN.LE00.IN,Morocco,MAR,64.6804878048781,65.2030975609756,65.6723170731707,66.0938048780488,66.4725853658537,66.8206829268293,67.1490975609756,67.4711951219512,67.7989268292683,68.139243902439,68.4976097560976,68.872,69.2564146341464,69.6453658536585,70.0388292682927,70.4398292682927,70.8524390243903,71.2776341463415,71.7114146341464,72.1482195121951,72.5769268292683,72.9854390243902
"Life expectancy at birth, total (years)",SP.DYN.LE00.IN,Mozambique,MOZ,43.1259024390244,43.5373170731707,44.0285609756098,44.5976829268293,45.2312195121951,45.898756097561,46.5634146341463,47.1902926829268,47.7569268292683,48.2548536585366,48.6866097560976,49.0702195121951,49.4360731707317,49.8115853658537,50.2096341463415,50.6416097560976,51.1152682926829,51.6220975609756,52.1505609756098,52.6912682926829,53.2269024390244,53.7382926829268
"Life expectancy at birth, total (years)",SP.DYN.LE00.IN,Myanmar,MMR,58.6941707317073,59.0484878048781,59.3963170731707,59.7391707317073,60.0770487804878,60.4114390243902,60.7459024390244,61.0799024390244,61.4144390243902,61.7489756097561,62.078,62.3989512195122,62.7073170731707,63.0020731707317,63.2832195121951,63.5552682926829,63.824243902439,64.0936829268293,64.3676097560976,64.6435609756098,64.9174878048781,65.1809024390244
"Life expectancy at birth, total (years)",SP.DYN.LE00.IN,Namibia,NAM,61.2249512195122,61.2691219512195,61.19,60.9770487804878,60.6261951219512,60.0949756097561,59.3363902439024,58.3749268292683,57.2774634146342,56.1393414634146,55.1207073170732,54.4046829268293,54.1050975609756,54.2789756097561,54.9234634146341,55.9774390243903,57.3248780487805,58.7808048780488,60.1840731707317,61.4409024390244,62.4802926829268,63.2771707317073
"Life expectancy at birth, total (years)",SP.DYN.LE00.IN,Nepal,NPL,54.1947317073171,55.0586341463415,55.924487804878,56.7852926829268,57.6330975609756,58.4644146341464,59.2772926829268,60.0716829268293,60.8476097560976,61.6000975609756,62.3266341463415,63.0221951219512,63.6868048780488,64.3204390243903,64.9225853658537,65.4942926829268,66.0360731707317,66.5519268292683,67.0453658536585,67.5183902439025,67.9714878048781,68.4066341463415
"Life expectancy at birth, total (years)",SP.DYN.LE00.IN,Netherlands,NLD,76.8780487804878,77,77.2170731707317,76.9165853658537,77.3751219512195,77.4046341463415,77.4356097560976,77.7943902439024,77.8829268292683,77.8365853658537,77.9878048780488,78.190243902439,78.2926829268293,78.4926829268293,79.0951219512195,79.3463414634146,79.6975609756098,80.0975609756098,80.2512195121951,80.5487804878049,80.7024390243902,81.2048780487805
"Life expectancy at birth, total (years)",SP.DYN.LE00.IN,New Caledonia,NCL,70.4853658536586,70.3585365853659,71.6146341463415,71.6560975609756,70.6731707317073,72.009756097561,71.9975609756098,71.7390243902439,74.3756097560976,73.8756097560976,75.1634146341463,74.8317073170732,75.1024390243903,75.2707317073171,75.5146341463415,75.1682926829268,76.4609756097561,75.9463414634146,76.4560975609756,76.9658536585366,77.4731707317073,76.7268292682927
"Life expectancy at birth, total (years)",SP.DYN.LE00.IN,New Zealand,NZL,75.3780487804878,76.0317073170732,76.1243902439025,76.4341463414634,76.8829268292683,76.7341463414634,76.7878048780488,77.3341463414634,78.0853658536585,77.890243902439,78.6365853658537,78.6926829268293,78.8463414634146,79.1463414634146,79.5487804878049,79.8512195121951,80.0487804878049,80.1512195121951,80.3512195121951,80.7024390243902,80.7024390243902,80.9048780487805
"Life expectancy at birth, total (years)",SP.DYN.LE00.IN,Nicaragua,NIC,64.135,64.8840975609756,65.5914146341463,66.2391463414634,66.8216341463415,67.342756097561,67.818,68.2740975609756,68.7288048780488,69.190243902439,69.6580731707317,70.1274146341463,70.5858780487805,71.025,71.4429024390244,71.8380975609756,72.2130243902439,72.5716585365854,72.9184146341464,73.2547804878049,73.5817317073171,73.9012926829269
"Life expectancy at birth, total (years)",SP.DYN.LE00.IN,Niger,NER,43.9511951219512,44.5166097560976,45.1238292682927,45.7653170731707,46.4360487804878,47.129,47.8395853658537,48.5592195121951,49.2802926829268,49.9972195121951,50.6979512195122,51.3720243902439,52.0213902439024,52.6545609756098,53.2824390243903,53.9368536585366,54.6545609756098,55.4550243902439,56.3372926829268,57.2850243902439,58.259,59.2045609756098
"Life expectancy at birth, total (years)",SP.DYN.LE00.IN,Nigeria,NGA,46.1102682926829,46.0869512195122,46.0749512195122,46.0728292682927,46.0855609756098,46.1140731707317,46.1597804878049,46.224512195122,46.3156585365854,46.4426829268293,46.624,46.8811707317073,47.2197317073171,47.6377317073171,48.1256585365854,48.6664878048781,49.2361463414634,49.8081463414634,50.3574390243903,50.8685609756098,51.329512195122,51.7378048780488
"Life expectancy at birth, total (years)",SP.DYN.LE00.IN,Northern Mariana Islands,MNP,..,..,..,..,..,..,..,..,..,..,..,..,..,..,..,..,..,..,..,..,..,..
"Life expectancy at birth, total (years)",SP.DYN.LE00.IN,Norway,NOR,76.5373170731707,76.9807317073171,77.1843902439025,77.1517073170732,77.689756097561,77.7365853658537,78.1504878048781,78.1426829268293,78.3292682926829,78.2829268292683,78.6341463414634,78.7853658536585,78.9878048780488,79.390243902439,79.8414634146342,80.0414634146342,80.3439024390244,80.3951219512195,80.5926829268293,80.7951219512195,80.9975609756098,81.2951219512195
"Life expectancy at birth, total (years)",SP.DYN.LE00.IN,Oman,OMN,67.2677317073171,67.8463414634146,68.405487804878,68.9466585365854,69.4738536585366,69.9885365853659,70.490756097561,70.9789756097561,71.4516829268293,71.9103902439025,72.3565853658537,72.7902195121951,73.2133170731708,73.6244146341463,74.023,74.4076097560976,74.7748048780488,75.1236097560976,75.4525365853659,75.7620975609756,76.0528048780488,76.3276341463415
"Life expectancy at birth, total (years)",SP.DYN.LE00.IN,Pakistan,PAK,60.1112195121951,60.3962195121951,60.6762195121951,60.9501707317073,61.2195365853659,61.4852926829268,61.7479512195122,62.0085609756098,62.2676097560976,62.5231463414634,62.7731707317073,63.0137073170732,63.240756097561,63.4583414634146,63.6674634146342,63.8776341463415,64.0993902439024,64.3387317073171,64.5981463414634,64.8760975609756,65.1625609756098,65.447
"Life expectancy at birth, total (years)",SP.DYN.LE00.IN,Palau,PLW,69.0692682926829,..,..,..,..,71.8446341463415,..,..,..,..,70.4936585365854,..,..,..,..,69.1292682926829,..,..,..,..,..,..
"Life expectancy at birth, total (years)",SP.DYN.LE00.IN,Panama,PAN,73.046243902439,73.2712682926829,73.4907317073171,73.705512195122,73.9154878048781,74.121512195122,74.3254146341463,74.5250487804878,74.7208292682927,74.9136585365854,75.1019756097561,75.2852926829269,75.4626829268293,75.6353170731707,75.803756097561,75.9716341463415,76.141,76.3144634146342,76.4935853658537,76.6769512195122,76.8636341463415,77.0516829268293
"Life expectancy at birth, total (years)",SP.DYN.LE00.IN,Papua New Guinea,PNG,55.7093414634146,56.0470731707317,56.3991951219512,56.7384634146342,57.0559268292683,57.3519512195122,57.6308536585366,57.9062926829268,58.189512195122,58.4848780487805,58.7992926829268,59.138756097561,59.5013902439024,59.8797804878049,60.265,60.6430731707317,60.9955365853659,61.3114146341463,61.582243902439,61.8080487804878,61.9948292682927,62.1526341463415
"Life expectancy at birth, total (years)",SP.DYN.LE00.IN,Paraguay,PRY,68.0126097560976,68.1910487804878,68.3704634146341,68.5508536585366,68.730756097561,68.9152195121951,69.1128048780488,69.3270487804878,69.5614634146341,69.8125365853659,70.0746829268293,70.3398536585366,70.5974390243903,70.8423902439024,71.0711707317073,71.2863170731708,71.4918536585366,71.6948292682927,71.8988292682927,72.1023170731707,72.3012926829268,72.4871951219512
"Life expectancy at birth, total (years)",SP.DYN.LE00.IN,Peru,PER,65.5304390243902,66.0236585365854,66.5173658536585,67.0134878048781,67.5125121951219,68.0154390243902,68.523756097561,69.0325365853659,69.5368048780488,70.0300975609756,70.5074390243903,70.9598780487805,71.3838780487805,71.776487804878,72.1361951219512,72.458512195122,72.7434390243903,72.9969512195122,73.2250243902439,73.4361463414634,73.6398048780488,73.8449756097561
"Life expectancy at birth, total (years)",SP.DYN.LE00.IN,Philippines,PHL,65.2880731707317,65.4812682926829,65.6484634146342,65.7996585365854,65.9388536585366,66.0705609756098,66.197756097561,66.3214634146342,66.4421707317073,66.5619024390244,66.6821219512195,66.8023902439025,66.9216585365854,67.0389268292683,67.1541951219512,67.2664878048781,67.374756097561,67.4790243902439,67.5807804878049,67.6810487804878,67.7833170731708,67.8906585365854
"Life expectancy at birth, total (years)",SP.DYN.LE00.IN,Poland,POL,70.890243902439,70.5878048780488,71.090243902439,71.5951219512195,71.6951219512195,71.8926829268293,72.2463414634146,72.6463414634146,72.9975609756098,73.0439024390244,73.7487804878049,74.2,74.4975609756098,74.5975609756098,74.8463414634146,74.9951219512195,75.1439024390244,75.2439024390244,75.5439024390244,75.6951219512195,76.2463414634146,76.6951219512195
"Life expectancy at birth, total (years)",SP.DYN.LE00.IN,Portugal,PRT,73.9658536585366,74.0146341463415,74.3121951219512,74.5121951219512,74.9146341463415,75.3121951219512,75.2609756097561,75.4121951219512,75.7121951219512,75.9634146341463,76.3146341463415,76.8146341463415,77.0658536585366,77.219512195122,77.6707317073171,78.0707317073171,78.419512195122,78.3219512195122,78.5243902439025,78.7268292682927,79.0268292682927,80.4707317073171
"Life expectancy at birth, total (years)",SP.DYN.LE00.IN,Puerto Rico,PRI,74.1691707317073,74.0388048780488,73.9463658536585,73.9208780487805,73.9769024390244,74.1250731707317,74.3624878048781,74.6666341463415,75.0114146341463,75.3811707317073,76.6892682926829,77.0668292682927,77.7604878048781,78.0712195121951,78.1758536585366,78.2960975609756,78.4163414634146,78.4258536585366,77.9064634146342,78.1532682926829,78.4116341463415,78.6731707317073
"Life expectancy at birth, total (years)",SP.DYN.LE00.IN,Qatar,QAT,75.1160731707317,75.2822926829268,75.4404878048781,75.5901463414634,75.7327804878049,75.8699024390244,76.002487804878,76.1305365853659,76.2555609756098,76.3770487804878,76.495512195122,76.6074390243903,76.7133170731707,76.8146829268293,76.9160731707317,77.0235365853659,77.1456097560976,77.2868536585366,77.448756097561,77.6298048780488,77.825512195122,78.0278048780488
"Life expectancy at birth, total (years)",SP.DYN.LE00.IN,Romania,ROM,69.7412195121951,69.7843902439024,69.7843902439024,69.5634146341464,69.509756097561,69.4560975609756,69.1048780487805,69.0048780487805,69.8073170731708,70.5121951219512,71.1634146341463,71.1609756097561,71.009756097561,71.309756097561,71.5942756097561,71.8788951219512,72.1634146341463,72.5658536585366,72.5658536585366,73.309756097561,73.4585365853659,74.409756097561
"Life expectancy at birth, total (years)",SP.DYN.LE00.IN,Russian Federation,RUS,68.9024390243902,68.4743902439024,66.8731707317073,64.9358536585366,64.4670731707317,65.2212195121951,66.1941463414634,66.9507317073171,66.7839024390244,66.0436585365854,65.3414634146341,65.4878048780488,65.0853658536585,65.0075609756098,65.4212195121951,65.47,66.6431707317073,67.4975609756098,67.8487804878049,68.6048780487805,68.8560975609756,69.6585365853659
"Life expectancy at birth, total (years)",SP.DYN.LE00.IN,Rwanda,RWA,33.4851219512195,29.7458292682927,27.4836585365854,27.0789024390244,28.5681219512195,31.634512195122,35.6591951219512,39.8048048780488,43.4151951219512,46.2260731707317,48.1923658536585,49.5076829268293,50.6048048780488,51.8120731707317,53.1976341463415,54.7516097560976,56.3866585365854,57.946,59.3153414634146,60.4659756097561,61.4017804878049,62.1553658536585
"Life expectancy at birth, total (years)",SP.DYN.LE00.IN,Samoa,WSM,65.0404146341463,65.5589512195122,66.0700243902439,66.5691463414634,67.0518048780488,67.5150243902439,67.9542682926829,68.3705365853659,68.7648048780488,69.1370487804878,69.4873170731707,69.8166097560976,70.1284146341464,70.4262682926829,70.7146097560976,70.9969268292683,71.2786585365854,71.5607804878049,71.8442926829268,72.1306829268293,72.417,72.7012682926829
"Life expectancy at birth, total (years)",SP.DYN.LE00.IN,San Marino,SMR,..,..,..,..,..,..,79.119512195122,79.4731707317073,80.1731707317073,80.5243902439024,80.619512195122,80.9731707317073,81.119512195122,81.219512195122,81.7219512195122,81.9756097560976,82.1804878048781,82.5060975609756,82.8317073170732,82.9955432372506,83.1593791574279,83.3232150776053
"Life expectancy at birth, total (years)",SP.DYN.LE00.IN,Sao Tome and Principe,STP,61.7714390243902,61.9345365853659,62.0950975609756,62.2551463414634,62.4147073170732,62.5702682926829,62.7183170731707,62.8599024390244,62.9974634146341,63.1370243902439,63.2925365853659,63.4779756097561,63.7018536585366,63.9651219512195,64.2612926829268,64.5769024390244,64.8924634146342,65.188,65.4505365853659,65.6726097560976,65.8546829268293,66.0037804878049
"Life expectancy at birth, total (years)",SP.DYN.LE00.IN,Saudi Arabia,SAU,69.1670243902439,69.5921951219512,69.9979268292683,70.3859512195122,70.7563658536586,71.1092926829268,71.4432926829268,71.7542926829268,72.0401707317073,72.2988536585366,72.5262195121951,72.7166341463415,72.8714634146342,72.9946097560976,73.0934634146342,73.177,73.2581707317073,73.3450731707317,73.445756097561,73.5642682926829,73.7016097560976,73.8548536585366
"Life expectancy at birth, total (years)",SP.DYN.LE00.IN,Senegal,SEN,57.1830975609756,57.409487804878,57.5066097560976,57.5113658536585,57.456243902439,57.3796097560976,57.3193414634146,57.3033658536585,57.3591463414634,57.508243902439,57.7658048780488,58.1355609756098,58.5961707317073,59.1276829268293,59.718512195122,60.3619268292683,61.0540731707317,61.7841707317073,62.5350731707317,63.2867804878049,64.0144390243903,64.6953658536585
"Life expectancy at birth, total (years)",SP.DYN.LE00.IN,Serbia,SRB,..,71.4878048780488,..,..,..,..,..,72.0390243902439,..,..,71.5829268292683,72.2341463414634,72.2853658536585,72.4365853658537,72.6829268292683,72.8341463414634,73.3853658536585,73.6317073170732,73.8853658536585,73.9853658536586,74.3365853658537,74.5365853658537
"Life expectancy at birth, total (years)",SP.DYN.LE00.IN,Seychelles,SYC,..,..,70.6707317073171,..,..,..,..,71.4146341463415,..,..,..,..,72.9536585365854,71.0292682926829,72.609756097561,72.1317073170732,72.2170731707317,73.1926829268293,73.1634146341463,73.0341463414634,73.1975609756098,72.7243902439024
"Life expectancy at birth, total (years)",SP.DYN.LE00.IN,Sierra Leone,SLE,37.3534146341463,36.7483414634146,36.2465853658537,35.885756097561,35.7013902439024,35.7247804878049,35.9741463414634,36.4261951219512,37.0468048780488,37.8125365853659,38.6901463414634,39.645487804878,40.6429024390244,41.6491219512195,42.6391951219512,43.6030731707317,44.5480731707317,45.4883658536585,46.4276341463415,47.3502195121951,48.2289512195122,49.0347317073171
"Life expectancy at birth, total (years)",SP.DYN.LE00.IN,Singapore,SGP,75.2951219512195,75.6463414634146,75.9463414634146,76.0463414634146,76.1975609756098,76.2951219512195,76.5951219512195,76.8975609756098,77.3,77.5512195121951,77.9512195121951,78.2512195121951,78.5512195121951,79.0390243902439,79.490243902439,79.990243902439,80.1414634146341,80.4414634146342,80.790243902439,81.2414634146342,81.5414634146342,81.7439024390244
"Life expectancy at birth, total (years)",SP.DYN.LE00.IN,Sint Maarten (Dutch part),SXM,..,..,..,..,..,..,..,..,..,..,..,..,..,..,..,..,..,74.5439024390244,74.5365853658537,75.5878048780488,..,..
"Life expectancy at birth, total (years)",SP.DYN.LE00.IN,Slovak Republic,SVK,70.9326829268293,70.8829268292683,71.7951219512195,72.4487804878049,72.3,72.2536585365854,72.6536585365854,72.7048780487805,72.5512195121951,72.9024390243902,73.0512195121951,73.4024390243903,73.6048780487805,73.6048780487805,73.9585365853659,73.9048780487805,74.2048780487805,74.2073170731707,74.7048780487805,74.909756097561,75.1121951219512,75.9585365853659
"Life expectancy at birth, total (years)",SP.DYN.LE00.IN,Slovenia,SVN,73.2048780487805,73.3536585365854,73.3048780487805,73.2536585365854,73.4048780487805,73.9585365853659,74.4585365853658,74.7073170731707,74.8073170731708,75.009756097561,75.4121951219512,75.7585365853659,76.0073170731707,76.8585365853659,77.2073170731707,77.6121951219512,78.0865853658537,78.5609756097561,78.7658536585366,78.9707317073171,79.4219512195122,79.9707317073171
"Life expectancy at birth, total (years)",SP.DYN.LE00.IN,Solomon Islands,SLB,56.704756097561,57.2138536585366,57.8211219512195,58.4545853658537,59.0837317073171,59.6959512195122,60.2965853658537,60.9086097560976,61.5436341463415,62.1908780487805,62.8367317073171,63.4656097560976,64.0623658536585,64.6140975609756,65.1128780487805,65.5534878048781,65.9346097560976,66.2668048780488,66.5612195121951,66.8246829268293,67.0656585365854,67.2912195121951
"Life expectancy at birth, total (years)",SP.DYN.LE00.IN,Somalia,SOM,45.3893414634146,45.2708780487805,45.3723170731707,45.7332195121951,46.3480487804878,47.1618292682927,48.0776097560976,48.9764390243903,49.7638292682927,50.4012682926829,50.8782682926829,51.2228048780488,51.5018536585366,51.7719024390244,52.0529024390244,52.3558536585366,52.6827804878049,53.0186585365854,53.3545121951219,53.6893414634146,54.0236585365854,54.3569512195122
"Life expectancy at birth, total (years)",SP.DYN.LE00.IN,South Africa,ZAF,62.1200731707317,62.2948048780488,62.3251707317073,62.1937317073171,61.8879756097561,61.3700243902439,60.6054634146341,59.6131951219512,58.4430243902439,57.1566829268293,55.8368780487805,54.5708048780488,53.4411951219512,52.523756097561,51.873756097561,51.5573414634146,51.6137073170732,51.996512195122,52.6360243902439,53.4670975609756,54.390756097561,55.2956585365854
"Life expectancy at birth, total (years)",SP.DYN.LE00.IN,South Sudan,SSD,43.518756097561,44.2259268292683,44.9251463414634,45.6028780487805,46.2466585365854,46.845512195122,47.3939512195122,47.8984634146342,48.3675853658537,48.8062926829268,49.2190731707317,49.6119024390244,49.993243902439,50.3740975609756,50.7624146341463,51.1716341463415,51.6132926829268,52.0878536585366,52.5933170731707,53.1226585365854,53.6649024390244,54.205
"Life expectancy at birth, total (years)",SP.DYN.LE00.IN,Spain,ESP,76.8375609756098,76.9712195121951,77.41,77.5465853658537,77.9014634146342,77.9807317073171,78.1204878048781,78.6041463414634,78.6658536585366,78.7170731707317,78.9658536585366,79.3682926829268,79.5682926829268,79.619512195122,79.8707317073171,80.1707317073171,80.8219512195122,80.8731707317073,81.1756097560976,81.4756097560976,81.6268292682927,82.4756097560976
"Life expectancy at birth, total (years)",SP.DYN.LE00.IN,Sri Lanka,LKA,69.6794878048781,69.7801951219512,69.7964146341463,69.7167317073171,69.5659756097561,69.4186097560976,69.3727317073171,69.5046585365854,69.8506585365854,70.4018536585366,71.1063902439025,71.8778292682927,72.6101463414634,73.2223170731707,73.6802926829268,73.9735609756098,74.1245365853659,74.1941219512195,74.2387317073171,74.2802926829268,74.339243902439,74.4245609756098
"Life expectancy at birth, total (years)",SP.DYN.LE00.IN,St. Kitts and Nevis,KNA,..,..,67.9512195121951,..,..,..,..,70.0363414634146,..,..,..,..,71.3365853658537,..,..,..,..,..,..,..,..,..
"Life expectancy at birth, total (years)",SP.DYN.LE00.IN,St. Lucia,LCA,71.0494390243903,71.1381707317073,71.194512195122,71.214512195122,71.2051463414634,71.1809512195122,71.1574878048781,71.1552926829268,71.1913658536585,71.2761707317073,71.4230487804878,71.6428048780488,71.9248536585366,72.2547317073171,72.6195609756098,72.9990731707317,73.3690731707317,73.7118536585366,74.0131463414634,74.2660487804878,74.4710975609756,74.6357073170732
"Life expectancy at birth, total (years)",SP.DYN.LE00.IN,St. Martin (French part),MAF,74.5219512195122,75.9243902439025,75.4243902439025,75.5731707317073,75.8219512195122,75.9707317073171,76.1707317073171,76.3707317073171,76.5707317073171,76.7707317073171,76.9707317073171,77.1707317073171,77.3707317073171,77.5707317073171,77.7219512195122,77.8707317073171,78.0707317073171,78.2219512195122,78.3707317073171,78.5707317073171,78.7219512195122,78.8707317073171
"Life expectancy at birth, total (years)",SP.DYN.LE00.IN,St. Vincent and the Grenadines,VCT,70.0766585365854,70.2374390243903,70.3681463414634,70.4666097560976,70.5362682926829,70.577512195122,70.5917804878049,70.5876585365854,70.5763170731707,70.5693902439025,70.5821219512195,70.6293170731707,70.7181463414634,70.8491463414634,71.0212926829268,71.2289024390244,71.4602195121951,71.6994146341464,71.9317317073171,72.1500731707317,72.3463902439024,72.518756097561
"Life expectancy at birth, total (years)",SP.DYN.LE00.IN,Sudan,SDN,55.5144634146342,55.6908536585366,55.8795853658537,56.0811707317073,56.2986585365854,56.5330731707317,56.7859512195122,57.0558780487805,57.3443902439025,57.6505853658537,57.9749756097561,58.3166341463415,58.6755609756098,59.050243902439,59.4381463414634,59.8408292682927,60.262243902439,60.7008780487805,61.1506097560976,61.6023902439024,62.0425853658537,62.4555365853659
"Life expectancy at birth, total (years)",SP.DYN.LE00.IN,Suriname,SUR,67.5018780487805,67.5804878048781,67.6510731707317,67.7120731707317,67.7639756097561,67.8057317073171,67.8343414634146,67.8518780487805,67.8664146341464,67.8864878048781,67.9291707317073,68.0119756097561,68.1439756097561,68.3296341463415,68.5659756097561,68.846,69.1567317073171,69.4790731707317,69.795,70.0929024390244,70.3627317073171,70.5993902439024
"Life expectancy at birth, total (years)",SP.DYN.LE00.IN,Swaziland,SWZ,59.3451951219512,59.2932682926829,58.9774634146342,58.3843902439024,57.5221463414634,56.3908048780488,55.004512195122,53.437243902439,51.7894390243902,50.1564390243903,48.6640731707317,47.4340975609756,46.5233170731707,45.9580975609756,45.7453414634146,45.8600731707317,46.2413658536585,46.7723902439024,47.3458292682927,47.892756097561,48.345756097561,48.6613902439024
"Life expectancy at birth, total (years)",SP.DYN.LE00.IN,Sweden,SWE,77.5368292682927,77.6668292682927,77.9987804878049,78.0604878048781,78.650243902439,78.7404878048781,78.9590243902439,79.1975609756098,79.3390243902439,79.4414634146342,79.6439024390244,79.7951219512195,79.8463414634146,80.0951219512195,80.4975609756098,80.5463414634146,80.7487804878049,80.9,81.1,81.3512195121951,81.4512195121951,81.8024390243903
"Life expectancy at birth, total (years)",SP.DYN.LE00.IN,Switzerland,CHE,77.2424390243902,77.5146341463415,77.8060975609756,78.0853658536586,78.35,78.4170731707317,78.8960975609756,79.079512195122,79.3243902439025,79.580487804878,79.6804878048781,80.1804878048781,80.3853658536585,80.5365853658537,81.0878048780488,81.2365853658537,81.490243902439,81.7414634146342,81.9926829268293,82.0439024390244,82.2463414634147,82.6951219512195
"Life expectancy at birth, total (years)",SP.DYN.LE00.IN,Syrian Arab Republic,SYR,70.1062682926829,70.396,70.6744146341463,70.9466097560976,71.2156097560976,71.4814390243902,71.7420975609756,71.9936585365854,72.2366829268293,72.4717317073171,72.7216829268293,73.0174878048781,73.3606341463415,73.7313658536585,74.0956829268293,74.3638536585366,74.4324146341464,74.2460731707317,73.797243902439,73.1204146341463,72.3074390243903,71.4861463414634
"Life expectancy at birth, total (years)",SP.DYN.LE00.IN,Tajikistan,TJK,62.8647804878049,62.6275365853659,62.4331951219512,62.3181463414634,62.3015853658537,62.3874878048781,62.5631951219512,62.7973414634146,63.0656829268293,63.3636341463415,63.6952926829268,64.0748292682927,64.5109024390244,65.002,65.5370243902439,66.0972195121951,66.6618048780488,67.2074878048781,67.7145853658537,68.1705365853659,68.5633902439025,68.8917804878049
"Life expectancy at birth, total (years)",SP.DYN.LE00.IN,Tanzania,TZA,49.9775609756098,49.6234146341464,49.2801463414634,48.9871463414634,48.7793170731707,48.691512195122,48.7481219512195,48.9524878048781,49.304512195122,49.8066341463415,50.4653414634146,51.2807073170732,52.2298048780488,53.2841707317073,54.416243902439,55.6047804878049,56.832,58.0777804878049,59.3147073170732,60.509512195122,61.6256097560976,62.6320975609756
"Life expectancy at birth, total (years)",SP.DYN.LE00.IN,Thailand,THA,70.2306097560976,70.287243902439,70.2730731707317,70.2374390243903,70.2070243902439,70.2006097560976,70.2278780487805,70.2823902439024,70.3626341463415,70.4755609756098,70.6340731707317,70.8490487804878,71.118243902439,71.4339268292683,71.7864634146342,72.1572682926829,72.5257317073171,72.8744390243903,73.1884390243902,73.4617317073171,73.6943658536586,73.8923902439024
"Life expectancy at birth, total (years)",SP.DYN.LE00.IN,Timor-Leste,TMP,48.4847317073171,49.3442682926829,50.2802682926829,51.3184146341464,52.4634146341464,53.6883170731707,54.9431219512195,56.1655121951219,57.3108780487805,58.365756097561,59.3469756097561,60.2905853658537,61.2376341463415,62.2079024390244,63.1929756097561,64.1560975609756,65.0478536585366,65.8241951219512,66.4578292682927,66.9466829268293,67.3083902439025,67.5767317073171
"Life expectancy at birth, total (years)",SP.DYN.LE00.IN,Togo,TGO,55.8484390243902,55.8350243902439,55.6976829268293,55.4501951219512,55.1134390243903,54.7248780487805,54.3296097560976,53.9733902439025,53.6964878048781,53.5240243902439,53.4686829268293,53.5265853658537,53.673243902439,53.8871219512195,54.1632195121951,54.5079756097561,54.930756097561,55.4334390243903,56.0059024390244,56.6306097560976,57.2815609756098,57.9307804878049
"Life expectancy at birth, total (years)",SP.DYN.LE00.IN,Tonga,TON,69.5823170731707,69.6930487804878,69.7972195121951,69.9007317073171,70.0064634146342,70.1192682926829,70.238512195122,70.3636829268293,70.4928536585366,70.6250731707317,70.7604390243903,70.8985853658537,71.0366829268293,71.1754390243902,71.3144390243903,71.4533414634146,71.5937073170732,71.737,71.8831951219512,72.031756097561,72.1826097560976,72.3347317073171
"Life expectancy at birth, total (years)",SP.DYN.LE00.IN,Trinidad and Tobago,TTO,68.0229024390244,68.1105853658537,68.1916341463415,68.2641219512195,68.3280975609756,68.383756097561,68.4308292682927,68.4726097560976,68.5113170731707,68.5515609756098,68.5964390243903,68.6489512195122,68.7104390243903,68.7842682926829,68.8718292682927,68.9790487804878,69.1083414634146,69.2596585365854,69.4289268292683,69.6105853658537,69.7975609756098,69.9803170731707
"Life expectancy at birth, total (years)",SP.DYN.LE00.IN,Tunisia,TUN,70.3073170731707,70.5073170731707,70.7560975609756,70.7536585365854,70.9536585365854,71.3536585365854,71.5536585365854,71.9024390243902,72.0512195121951,72.5,72.6,72.8487804878049,73,73.0512195121951,73.3024390243903,73.5024390243903,73.9,74.2024390243903,74.3024390243903,74.4512195121951,74.6024390243903,74.3439024390244
"Life expectancy at birth, total (years)",SP.DYN.LE00.IN,Turkey,TUR,64.2823414634146,64.7830975609756,65.3002195121951,65.8379024390244,66.3987317073171,66.9819268292683,67.5862195121951,68.1996829268293,68.8122682926829,69.4153902439025,69.9993414634146,70.5558048780488,71.0819756097561,71.5741951219512,72.0298780487805,72.4481219512195,72.8285853658537,73.1770731707317,73.500756097561,73.8032195121951,74.0909268292683,74.3673414634146
"Life expectancy at birth, total (years)",SP.DYN.LE00.IN,Turkmenistan,TKM,62.6741463414634,62.6782926829268,62.7061463414634,62.7713658536585,62.8805609756098,63.030243902439,63.2098292682927,63.4001219512195,63.5824634146342,63.7512195121951,63.8992926829268,64.0260975609756,64.1376097560976,64.2403902439025,64.3374390243903,64.4323658536586,64.5318048780488,64.6388292682927,64.7560731707317,64.8835365853659,65.021243902439,65.1656097560976
"Life expectancy at birth, total (years)",SP.DYN.LE00.IN,Turks and Caicos Islands,TCA,..,..,..,..,..,..,..,..,..,..,..,..,..,..,..,..,..,..,..,..,..,..
"Life expectancy at birth, total (years)",SP.DYN.LE00.IN,Tuvalu,TUV,..,..,..,..,..,..,..,..,..,..,..,..,..,..,..,..,..,..,..,..,..,..
"Life expectancy at birth, total (years)",SP.DYN.LE00.IN,Uganda,UGA,45.0562682926829,44.6122195121951,44.2392926829268,43.9573414634146,43.794243902439,43.7833170731707,43.9574146341463,44.3188780487805,44.8590975609756,45.5649756097561,46.4199756097561,47.4041463414634,48.4755853658537,49.5878048780488,50.701243902439,51.7702195121951,52.7570487804878,53.6541463414634,54.4619756097561,55.1820975609756,55.8366585365854,56.463756097561
"Life expectancy at birth, total (years)",SP.DYN.LE00.IN,Ukraine,UKR,70.1365853658537,68.8780487804878,69.0682926829269,68.4756097560976,67.8385365853659,67.1370731707317,66.8878048780488,67.2953658536585,67.9887804878049,68.2134146341463,67.859512195122,68.2870731707317,68.2756097560976,68.2107317073171,68.1853658536585,67.9568292682927,68.0775609756098,68.2221951219512,68.2514634146342,69.19,70.2653658536586,70.8092682926829
"Life expectancy at birth, total (years)",SP.DYN.LE00.IN,United Arab Emirates,ARE,71.7201463414634,72.0122926829268,72.2964146341463,72.5730243902439,72.8455853658537,73.1150731707317,73.3839268292683,73.6526585365854,73.9202195121951,74.1871707317073,74.4515365853659,74.7128780487805,74.9682682926829,75.2172195121951,75.4572682926829,75.6863902439025,75.9045365853659,76.1111707317073,76.307756097561,76.4947804878049,76.675243902439,76.8511951219512
"Life expectancy at birth, total (years)",SP.DYN.LE00.IN,United Kingdom,GBR,75.8804878048781,76.0829268292683,76.4341463414634,76.3853658536585,76.8853658536585,76.8365853658537,77.0878048780488,77.2109756097561,77.190243902439,77.390243902439,77.7414634146342,77.9926829268293,78.1439024390244,78.4463414634146,78.7463414634146,79.0487804878049,79.2487804878049,79.4487804878049,79.6,80.0512195121951,80.4024390243902,80.9512195121951
"Life expectancy at birth, total (years)",SP.DYN.LE00.IN,United States,USA,75.2146341463415,75.3658536585366,75.6170731707317,75.419512195122,75.619512195122,75.6219512195122,76.0268292682927,76.4292682926829,76.5804878048781,76.5829268292683,76.6365853658537,76.8365853658537,76.9365853658537,77.0365853658537,77.4878048780488,77.4878048780488,77.6878048780488,77.9878048780488,78.0390243902439,78.390243902439,78.5414634146342,78.6414634146341
"Life expectancy at birth, total (years)",SP.DYN.LE00.IN,Uruguay,URY,72.5395365853659,72.7190487804878,72.9068048780488,73.1048536585366,73.316243902439,73.5384390243903,73.7698780487805,74.005,74.2381707317073,74.4663414634147,74.6859756097561,74.8960487804878,75.0955609756098,75.284512195122,75.4644146341464,75.6347073170732,75.7964146341464,75.9510243902439,76.1010731707317,76.2485853658537,76.3946097560976,76.5411951219512
"Life expectancy at birth, total (years)",SP.DYN.LE00.IN,Uzbekistan,UZB,66.6841707317073,66.5062682926829,66.3592682926829,66.2722682926829,66.2588048780488,66.3168292682927,66.4317804878049,66.5711219512195,66.7087804878049,66.8333170731707,66.9407804878049,67.0292682926829,67.1083658536586,67.1866097560976,67.2650243902439,67.3470487804878,67.4351463414634,67.5312195121951,67.6341951219512,67.7445609756098,67.8612926829268,67.9814146341463
"Life expectancy at birth, total (years)",SP.DYN.LE00.IN,Vanuatu,VUT,63.1968536585366,63.6477804878049,64.1034146341463,64.5593414634146,65.0121463414634,65.4593414634146,65.8994878048781,66.3300975609756,66.7511951219512,67.1598292682927,67.555,67.9347073170732,68.2999512195122,68.6517073170732,68.99,69.3178536585366,69.636756097561,69.9487317073171,70.254756097561,70.5558292682927,70.8499512195122,71.1345609756098
"Life expectancy at birth, total (years)",SP.DYN.LE00.IN,"Venezuela, RB",VEN,69.8286097560976,69.9944146341464,70.1880243902439,70.4094390243903,70.6562195121951,70.9269268292683,71.2157073170732,71.5122682926829,71.8053902439025,72.0862682926829,72.3461219512195,72.5756097560976,72.7752682926829,72.9445609756098,73.0864390243903,73.2033170731707,73.3010487804878,73.3889024390244,73.476243902439,73.568,73.6716097560976,73.7916585365854
"Life expectancy at birth, total (years)",SP.DYN.LE00.IN,Vietnam,VNM,70.4181951219512,70.7080731707317,70.9954634146342,71.2824146341463,71.568487804878,71.8522195121951,72.1315609756098,72.403512195122,72.664512195122,72.9135365853659,73.1485853658537,73.3695853658537,73.5765609756098,73.7725365853659,73.9590243902439,74.1381219512195,74.3123658536585,74.4838536585366,74.6530975609756,74.8226097560976,74.9903658536585,75.1568048780488
"Life expectancy at birth, total (years)",SP.DYN.LE00.IN,Virgin Islands (U.S.),VIR,74.788,75.0990243902439,75.400512195122,75.6949024390244,75.9821951219512,76.2629024390244,76.5365609756098,76.8025609756098,77.0592926829268,77.3061707317073,76.619512195122,77.8731707317073,78.0243902439024,78.1731707317073,78.7243902439024,78.5243902439025,78.6243902439025,78.8243902439024,78.9243902439025,79.0731707317073,79.1731707317073,79.3731707317073
"Life expectancy at birth, total (years)",SP.DYN.LE00.IN,West Bank and Gaza,WBG,68.0528780487805,68.3945365853659,68.7170731707317,69.0269512195122,69.3266829268293,69.6153170731707,69.8878780487805,70.1403902439024,70.3694146341463,70.5749268292683,70.7589024390244,70.9222682926829,71.0699756097561,71.2075365853659,71.3394634146342,71.4708780487805,71.6058780487805,71.7470487804878,71.8949512195122,72.0510975609756,72.2149268292683,72.3853902439024
"Life expectancy at birth, total (years)",SP.DYN.LE00.IN,"Yemen, Rep.",YEM,57.7641951219512,58.1109024390244,58.4186341463415,58.7028780487805,58.9726341463415,59.2364146341464,59.4961951219512,59.7479756097561,59.9912682926829,60.2275609756098,60.4563658536585,60.6766829268293,60.888,61.0918292682927,61.2926585365854,61.4979268292683,61.7171707317073,61.9548048780488,62.2113658536585,62.4853414634146,62.7687317073171,63.0535365853659
"Life expectancy at birth, total (years)",SP.DYN.LE00.IN,Zambia,ZMB,44.3124634146342,43.6023170731707,43.0046097560976,42.5331219512195,42.2072195121951,42.0382926829268,42.0248048780488,42.1581951219512,42.4329024390244,42.8557804878049,43.4566829268293,44.2724878048781,45.3066585365854,46.5386341463415,47.9323902439024,49.4293902439024,50.9666097560976,52.4771463414634,53.9056341463415,55.2141707317073,56.3838536585366,57.4221951219512
"Life expectancy at birth, total (years)",SP.DYN.LE00.IN,Zimbabwe,ZWE,59.5830731707317,58.1971707317073,56.4919756097561,54.5387073170732,52.4221219512195,50.239,48.0876341463415,46.0659024390244,44.2725853658537,42.7914878048781,41.6894390243903,40.9968048780488,40.6791463414634,40.7024878048781,41.0593414634146,41.7596097560976,42.8107073170732,44.177756097561,45.8044878048781,47.6246585365854,49.5746585365854,51.6003658536585
,,,,,,,,,,,,,,,,,,,,,,,,,
,,,,,,,,,,,,,,,,,,,,,,,,,
,,,,,,,,,,,,,,,,,,,,,,,,,
Data from database: World Development Indicators,,,,,,,,,,,,,,,,,,,,,,,,,
Last Updated: 04/11/2016,,,,,,,,,,,,,,,,,,,,,,,,,
